use inventario;


INSERT INTO ue (nombre, nom) VALUES ("Direccion General de Secretaria", "DGS");
INSERT INTO ue (nombre, nom) VALUES ("Educacion", "EDU");
INSERT INTO ue (nombre, nom) VALUES ("Dirección Nacional de Cultura", "DNC");
INSERT INTO ue (nombre, nom) VALUES ("PECA", "PECA");

INSERT INTO oficina (id, id_ue, nombre, piso, nom) VALUES ( 1 , 1, "Sistemas ", 10, "SIS ");
INSERT INTO oficina (id, id_ue, nombre, piso, nom) VALUES ( 2 , 1, "Obras y Servicios ", 10, "OYS ");
INSERT INTO oficina (id, id_ue, nombre, piso, nom) VALUES ( 3 , 1, "Asuntos Constitucionales ", 10, "ASCL ");
INSERT INTO oficina (id, id_ue, nombre, piso, nom) VALUES ( 4 , 1, "Asesoria Letrada ", 10, "ASL ");
INSERT INTO oficina (id, id_ue, nombre, piso, nom) VALUES ( 5 , 1, "Ciudadania Digital ", 10, "CDIG ");
INSERT INTO oficina (id, id_ue, nombre, piso, nom) VALUES ( 6 , 1, "Cooperacion y Proyectos ", 10, "CIP ");
INSERT INTO oficina (id, id_ue, nombre, piso, nom) VALUES ( 7 , 1, "Comunicaciones ", 10, "COM ");
INSERT INTO oficina (id, id_ue, nombre, piso, nom) VALUES ( 8 , 1, "Direccion General ", 10, "DIR ");
INSERT INTO oficina (id, id_ue, nombre, piso, nom) VALUES ( 9 , 1, "Gestion Financiero ", 10, "GFIN ");
INSERT INTO oficina (id, id_ue, nombre, piso, nom) VALUES (10 , 1, "Juridico Notarial ", 10, "JNOT ");
INSERT INTO oficina (id, id_ue, nombre, piso, nom) VALUES (12 , 1, "Recursos Humanos ", 10, "RRHH ");
INSERT INTO oficina (id, id_ue, nombre, piso, nom) VALUES (13 , 1, "Subsecretaria ", 10, "SUB ");
INSERT INTO oficina (id, id_ue, nombre, piso, nom) VALUES (14 , 1, "Sistemas Prestamo ", 10, "SISP ");
INSERT INTO oficina (id, id_ue, nombre, piso, nom) VALUES (15 , 1, "Gestion Documental ", 10, "GDOC ");
INSERT INTO oficina (id, id_ue, nombre, piso, nom) VALUES (16 , 1, "Tribunal de Cuentas ", 10, "TRIB ");
INSERT INTO oficina (id, id_ue, nombre, piso, nom) VALUES (17 , 1, "Financiero Contable ", 10, "FCON ");
INSERT INTO oficina (id, id_ue, nombre, piso, nom) VALUES (18 , 1, "Centro de Info ", 10, "CIOP ");
INSERT INTO oficina (id, id_ue, nombre, piso, nom) VALUES (19 , 1, "Servicio Medico ", 10, "RRHH ");
INSERT INTO oficina (id, id_ue, nombre, piso, nom) VALUES (20 , 1, "Liquidacion de Haberes ", 10, "RRHH ");
INSERT INTO oficina (id, id_ue, nombre, piso, nom) VALUES (21 , 1, "Autoridad Central ", 10, "AUTC ");
INSERT INTO oficina (id, id_ue, nombre, piso, nom) VALUES (31 , 1, "Registro de Instituciones Culturales y de Enseñanza", 10, "REG ");
INSERT INTO oficina (id, id_ue, nombre, piso, nom) VALUES (32 , 1, "Desapacho Gerencial (sistemas) ", 10, "SIS ");
INSERT INTO oficina (id, id_ue, nombre, piso, nom) VALUES (33 , 1, "Clima laboral ", 10, "RRHH ");
INSERT INTO oficina (id, id_ue, nombre, piso, nom) VALUES (34 , 1, "Ministro ", 10, "MIN ");
INSERT INTO oficina (id, id_ue, nombre, piso, nom) VALUES (36 , 2, "Comunicaciones (educacion) ", 10, "COM ");
INSERT INTO oficina (id, id_ue, nombre, piso, nom) VALUES (37 , 2, "Derechos Humanos ", 10, "DDHH ");
INSERT INTO oficina (id, id_ue, nombre, piso, nom) VALUES (38 , 2, "Educacion Superior ", 10, "SUP ");
INSERT INTO oficina (id, id_ue, nombre, piso, nom) VALUES (39 , 2, "Educacion No Formal ", 10, "ENF ");
INSERT INTO oficina (id, id_ue, nombre, piso, nom) VALUES (40 , 2, "Financiero ", 10, "FIN ");
INSERT INTO oficina (id, id_ue, nombre, piso, nom) VALUES (41 , 2, "Cultura Cientifica ", 10, "CIEN ");
INSERT INTO oficina (id, id_ue, nombre, piso, nom) VALUES (42 , 2, "Becas ", 10, "BEC ");
INSERT INTO oficina (id, id_ue, nombre, piso, nom) VALUES (45 , 1, "Compras ", 10, "CMP ");
INSERT INTO oficina (id, id_ue, nombre, piso, nom) VALUES (46 , 1, "Contaduría Central ", 10, "CONT ");
INSERT INTO oficina (id, id_ue, nombre, piso, nom) VALUES (47 , 2, "Sistema de Cuidados ", 10, "SNIC ");
INSERT INTO oficina (id, id_ue, nombre, piso, nom) VALUES (48 , 2, "Administración ", 10, "ADM ");
INSERT INTO oficina (id, id_ue, nombre, piso, nom) VALUES (49 , 2, "Secretaria DNE ", 10, "SEC ");
INSERT INTO oficina (id, id_ue, nombre, piso, nom) VALUES (50 , 4, "Procuradoria ", 10, "PRO ");
INSERT INTO oficina (id, id_ue, nombre, piso, nom) VALUES (51 , 2, "Programa de formación en educación ", 10, "PFE ");
INSERT INTO oficina (id, id_ue, nombre, piso, nom) VALUES (52 , 1, "Fiscalia de Gobierno ", 10, "FIS ");
INSERT INTO oficina (id, id_ue, nombre, piso, nom) VALUES (53 , 2, "Investigación y estadísticas ", 10, "IES ");
INSERT INTO oficina (id, id_ue, nombre, piso, nom) VALUES (54 , 2, "Registro y control ", 10, "RRHH ");
INSERT INTO oficina (id, id_ue, nombre, piso, nom) VALUES (55 , 2, "Innovación Educativa ", 10, "INO ");
INSERT INTO oficina (id, id_ue, nombre, piso, nom) VALUES (56 , 2, "Ajedrez ", 10, "AJE ");
INSERT INTO oficina (id, id_ue, nombre, piso, nom) VALUES (57 , 2, "Ambiental ", 10, "AMB ");
INSERT INTO oficina (id, id_ue, nombre, piso, nom) VALUES (58 , 2, "Arquitectura ", 10, "ARQ ");
INSERT INTO oficina (id, id_ue, nombre, piso, nom) VALUES (59 , 2, "Arte ", 10, "ART ");
INSERT INTO oficina (id, id_ue, nombre, piso, nom) VALUES (60 , 2, "Liquidación de haberes (EDU) ", 10, "RRHH ");
INSERT INTO oficina (id, id_ue, nombre, piso, nom) VALUES (62 , 2, "Contratos ", 10, "CON ");
INSERT INTO oficina (id, id_ue, nombre, piso, nom) VALUES (63 , 2, "COOPERACIÓN ", 10, "COOP ");
INSERT INTO oficina (id, id_ue, nombre, piso, nom) VALUES (64 , 2, "DDHH ", 10, "DDHH ");
INSERT INTO oficina (id, id_ue, nombre, piso, nom) VALUES (65 , 2, "DDP ", 10, "DDP ");
INSERT INTO oficina (id, id_ue, nombre, piso, nom) VALUES (66 , 2, "Dirección asesor comisión ", 10, "DAC ");
INSERT INTO oficina (id, id_ue, nombre, piso, nom) VALUES (67 , 2, "Dirección asesor comisión jurídico ", 10, "DACJ ");
INSERT INTO oficina (id, id_ue, nombre, piso, nom) VALUES (68 , 2, "Enfermeria ", 10, "ENF ");
INSERT INTO oficina (id, id_ue, nombre, piso, nom) VALUES (69 , 2, "Genero ", 10, "GEN ");
INSERT INTO oficina (id, id_ue, nombre, piso, nom) VALUES (70 , 2, "INCLUSIVA ", 10, "INC ");
INSERT INTO oficina (id, id_ue, nombre, piso, nom) VALUES (71 , 2, "Migrantes ", 10, "MIG ");
INSERT INTO oficina (id, id_ue, nombre, piso, nom) VALUES (72 , 2, "PAS ", 10, "PAS ");
INSERT INTO oficina (id, id_ue, nombre, piso, nom) VALUES (73 , 2, "Plan nacional de carceles ", 10, "PNC ");
INSERT INTO oficina (id, id_ue, nombre, piso, nom) VALUES (74 , 2, "Programa Nacional de Educación y Trabajo ", 10, "PNET ");
INSERT INTO oficina (id, id_ue, nombre, piso, nom) VALUES (75 , 2, "PNL ", 10, "PNL ");
INSERT INTO oficina (id, id_ue, nombre, piso, nom) VALUES (76 , 2, "Proy. coordinacion laboral cecap ", 10, "CECAP ");
INSERT INTO oficina (id, id_ue, nombre, piso, nom) VALUES (77 , 2, "Salud ", 10, "SAL ");
INSERT INTO oficina (id, id_ue, nombre, piso, nom) VALUES (78 , 2, "TICS ", 10, "TICS ");
INSERT INTO oficina (id, id_ue, nombre, piso, nom) VALUES (79 , 2, "Estadistica ", 10, "IES ");
INSERT INTO oficina (id, id_ue, nombre, piso, nom) VALUES (80 , 1, "Secretaria del Ministro ", 10, "SECM ");
INSERT INTO oficina (id, id_ue, nombre, piso, nom) VALUES (81 , 1, "Control Presupuestario y Financiero ", 10, "CPF ");
INSERT INTO oficina (id, id_ue, nombre, piso, nom) VALUES (82 , 2, "Sistemas Magallanes ", 10, "SISM ");
INSERT INTO oficina (id, id_ue, nombre, piso, nom) VALUES (83 , 2, "Casa Magallanes Planta baja ", 10, "MPB ");
INSERT INTO oficina (id, id_ue, nombre, piso, nom) VALUES (84 , 2, "Casa Magallanes planta alta ", 10, "MPA ");
INSERT INTO oficina (id, id_ue, nombre, piso, nom) VALUES (85 , 2, "Dirección ", 10, "DIR ");
INSERT INTO oficina (id, id_ue, nombre, piso, nom) VALUES (86 , 1, "Gestion humana ", 10, "RRHH ");
INSERT INTO oficina (id, id_ue, nombre, piso, nom) VALUES (87 , 1, "Asesores ", 10, "ASE ");
INSERT INTO oficina (id, id_ue, nombre, piso, nom) VALUES (88 , 1, "Formación Docente ", 10, "FOD ");
INSERT INTO oficina (id, id_ue, nombre, piso, nom) VALUES (89 , 2, "Notariado ", 10, "NOT ");
INSERT INTO oficina (id, id_ue, nombre, piso, nom) VALUES (90 , 1, "Comunicación (Educación) ", 10, "EDUCOM ");
INSERT INTO oficina (id, id_ue, nombre, piso, nom) VALUES (91 , 2, "Centro Aparicio Saravia ", 10, "CAS");




use inventario;

INSERT INTO equipo (id_oficina, nro_serie, nombre, id_inventario, tipo, observaciones, dominio) VALUES (18 , "8CC218222R" , "DGS-PC-CIOP-001" , "7913" , "PC" , "", True);
INSERT INTO equipo (id_oficina, nro_serie, nombre, id_inventario, tipo, observaciones, dominio) VALUES ( 2 , "8CC2182248" , "DGS-PC-OYS-002" , "  007822" , "PC" , "", True);
INSERT INTO equipo (id_oficina, nro_serie, nombre, id_inventario, tipo, observaciones, dominio) VALUES ( 2 , "24925" , "DGS-PC-OYS-003" , "414" , "PC" , "", True);
INSERT INTO equipo (id_oficina, nro_serie, nombre, id_inventario, tipo, observaciones, dominio) VALUES ( 2 , "D1931GB00183" , "DGS-PC-OYS-004" , "2648" , "PC" , "", True);
INSERT INTO equipo (id_oficina, nro_serie, nombre, id_inventario, tipo, observaciones, dominio) VALUES ( 2 , "D1931GB00138" , "DGS-PC-OYS-005" , "2640" , "PC" , "", True);
INSERT INTO equipo (id_oficina, nro_serie, nombre, id_inventario, tipo, observaciones, dominio) VALUES ( 2 , "8CC21821MH" , "DGS-PC-OYS-006" , "  007927" , "PC" , "", True);
INSERT INTO equipo (id_oficina, nro_serie, nombre, id_inventario, tipo, observaciones, dominio) VALUES (21 , "8CC21822B" , "DGS-PC-ASCL-004" , "  007899" , "PC" , "", True);
INSERT INTO equipo (id_oficina, nro_serie, nombre, id_inventario, tipo, observaciones, dominio) VALUES ( 3 , "8CC21821LF" , "DGS-PC-ASCL-011" , " 000" , "PC" , "", True);
INSERT INTO equipo (id_oficina, nro_serie, nombre, id_inventario, tipo, observaciones, dominio) VALUES ( 4 , "  000" , "DGS-PC-ASL-001" , " 00 00" , "PC" , "", True);
INSERT INTO equipo (id_oficina, nro_serie, nombre, id_inventario, tipo, observaciones, dominio) VALUES ( 4 , "8CC218225L" , "DGS-PC-ASL-002" , "  007874" , "PC" , "", True);
INSERT INTO equipo (id_oficina, nro_serie, nombre, id_inventario, tipo, observaciones, dominio) VALUES ( 4 , "8CC21821RX" , "DGS-PC-ASL-003" , "  008118" , "PC" , "", True);
INSERT INTO equipo (id_oficina, nro_serie, nombre, id_inventario, tipo, observaciones, dominio) VALUES ( 4 , "8CC21821JM" , "DGS-PC-ASL-004" , "  007870" , "PC" , "", True);
INSERT INTO equipo (id_oficina, nro_serie, nombre, id_inventario, tipo, observaciones, dominio) VALUES ( 4 , "8CC21821T1" , "DGS-PC-ASL-005" , "  007907" , "PC" , "", True);
INSERT INTO equipo (id_oficina, nro_serie, nombre, id_inventario, tipo, observaciones, dominio) VALUES ( 4 , " 000" , "DGS-PC-ASL-006" , " 000" , "PC" , "", True);
INSERT INTO equipo (id_oficina, nro_serie, nombre, id_inventario, tipo, observaciones, dominio) VALUES ( 4 , "8CC21821SJ" , "DGS-PC-ASL-008" , "  007926" , "PC" , "", True);
INSERT INTO equipo (id_oficina, nro_serie, nombre, id_inventario, tipo, observaciones, dominio) VALUES ( 4 , "8CC1293SB6" , "DGS-PC-ASL-009" , "  007122" , "PC" , "", True);
INSERT INTO equipo (id_oficina, nro_serie, nombre, id_inventario, tipo, observaciones, dominio) VALUES ( 5 , "SMJ06B1GV" , "DGS-PC-CDIG-001" , "  004021" , "PC" , "", True);
INSERT INTO equipo (id_oficina, nro_serie, nombre, id_inventario, tipo, observaciones, dominio) VALUES ( 5 , "DDB08L201190" , "DGS-PC-CDIG-005" , "  007231" , "PC" , "", True);
INSERT INTO equipo (id_oficina, nro_serie, nombre, id_inventario, tipo, observaciones, dominio) VALUES ( 6 , "CLON-291210-853" , "DGS-PC-CIP-002" , " 000" , "PC" , "", True);
INSERT INTO equipo (id_oficina, nro_serie, nombre, id_inventario, tipo, observaciones, dominio) VALUES ( 6 , "8CC218221X" , "DGS-PC-CIP-004" , "  007895" , "PC" , "", True);
INSERT INTO equipo (id_oficina, nro_serie, nombre, id_inventario, tipo, observaciones, dominio) VALUES ( 6 , "MJ07G2Y1" , "DGS-PC-CIP-021" , "  004921" , "PC" , "", True);
INSERT INTO equipo (id_oficina, nro_serie, nombre, id_inventario, tipo, observaciones, dominio) VALUES ( 6 , "8CC21821T6" , "DGS-PC-CIP-007" , "  007898" , "PC" , "", True);
INSERT INTO equipo (id_oficina, nro_serie, nombre, id_inventario, tipo, observaciones, dominio) VALUES ( 8 , "8CC218223H" , "DGS-PC-DIR-002" , "  007847" , "PC" , "", True);
INSERT INTO equipo (id_oficina, nro_serie, nombre, id_inventario, tipo, observaciones, dominio) VALUES ( 8 , "8CC218226N" , "DGS-PC-DIR-009" , "  007840" , "PC" , "", True);
INSERT INTO equipo (id_oficina, nro_serie, nombre, id_inventario, tipo, observaciones, dominio) VALUES ( 9 , " 000" , "DGS-PC-GFIN-001" , " 000" , "PC" , "", True);
INSERT INTO equipo (id_oficina, nro_serie, nombre, id_inventario, tipo, observaciones, dominio) VALUES ( 9 , "SMJ0EGFN8" , "DGS-PC-GFIN-002" , "  006860" , "PC" , "", True);
INSERT INTO equipo (id_oficina, nro_serie, nombre, id_inventario, tipo, observaciones, dominio) VALUES ( 9 , "8CC21821LS" , "DGS-PC-GFIN-003" , "  007838" , "PC" , "", True);
INSERT INTO equipo (id_oficina, nro_serie, nombre, id_inventario, tipo, observaciones, dominio) VALUES ( 9 , "8CC21821KS" , "DGS-PC-GFIN-004" , "  007866" , "PC" , "", True);
INSERT INTO equipo (id_oficina, nro_serie, nombre, id_inventario, tipo, observaciones, dominio) VALUES ( 9 , "8CC218221F" , "DGS-PC-GFIN-005" , "  007827" , "PC" , "", True);
INSERT INTO equipo (id_oficina, nro_serie, nombre, id_inventario, tipo, observaciones, dominio) VALUES ( 9 , "8CC21821RW" , "DGS-PC-GFIN-006" , "  007831" , "PC" , "", True);
INSERT INTO equipo (id_oficina, nro_serie, nombre, id_inventario, tipo, observaciones, dominio) VALUES ( 9 , "8CC218222W" , "DGS-PC-GFIN-007" , "  007867" , "PC" , "", True);
INSERT INTO equipo (id_oficina, nro_serie, nombre, id_inventario, tipo, observaciones, dominio) VALUES ( 9 , "DDB08L201186" , "DGS-PC-GFIN-008" , "  007226" , "PC" , "", True);
INSERT INTO equipo (id_oficina, nro_serie, nombre, id_inventario, tipo, observaciones, dominio) VALUES ( 9 , "8CC21821JR" , "DGS-PC-GFIN-009" , "  007836" , "PC" , "", True);
INSERT INTO equipo (id_oficina, nro_serie, nombre, id_inventario, tipo, observaciones, dominio) VALUES ( 9 , "SMJ06B1GX" , "DGS-PC-GFIN-010" , "  004029" , "PC" , "", True);
INSERT INTO equipo (id_oficina, nro_serie, nombre, id_inventario, tipo, observaciones, dominio) VALUES (12 , "8CC218221N" , "DGS-PC-RRHH-001" , "  007921" , "PC" , "", True);
INSERT INTO equipo (id_oficina, nro_serie, nombre, id_inventario, tipo, observaciones, dominio) VALUES (12 , "8CC21821TG" , "DGS-PC-RRHH-002" , "  007832" , "PC" , "", True);
INSERT INTO equipo (id_oficina, nro_serie, nombre, id_inventario, tipo, observaciones, dominio) VALUES (12 , "8CC21821JW" , "DGS-PC-RRHH-003" , "  007903" , "PC" , "", True);
INSERT INTO equipo (id_oficina, nro_serie, nombre, id_inventario, tipo, observaciones, dominio) VALUES (12 , "8CC21821WH" , "DGS-PC-RRHH-004" , "  007891" , "PC" , "", True);
INSERT INTO equipo (id_oficina, nro_serie, nombre, id_inventario, tipo, observaciones, dominio) VALUES (12 , "8CC2182257" , "DGS-PC-RRHH-005" , "  007891" , "PC" , "", True);
INSERT INTO equipo (id_oficina, nro_serie, nombre, id_inventario, tipo, observaciones, dominio) VALUES (12 , "8CC21821ZV" , "DGS-PC-RRHH-006" , "  007845" , "PC" , "", True);
INSERT INTO equipo (id_oficina, nro_serie, nombre, id_inventario, tipo, observaciones, dominio) VALUES (12 , "8CC218221W" , "DGS-PC-RRHH-007" , "  007846" , "PC" , "", True);
INSERT INTO equipo (id_oficina, nro_serie, nombre, id_inventario, tipo, observaciones, dominio) VALUES (12 , "8CC21821TL" , "DGS-PC-RRHH-008" , "  007856" , "PC" , "", True);
INSERT INTO equipo (id_oficina, nro_serie, nombre, id_inventario, tipo, observaciones, dominio) VALUES (12 , "8CC218221V" , "DGS-PC-RRHH-009" , "  007868" , "PC" , "", True);
INSERT INTO equipo (id_oficina, nro_serie, nombre, id_inventario, tipo, observaciones, dominio) VALUES (12 , "8CC21821M3" , "DGS-PC-RRHH-010" , "  007869" , "PC" , "", True);
INSERT INTO equipo (id_oficina, nro_serie, nombre, id_inventario, tipo, observaciones, dominio) VALUES (12 , "8CC218223N" , "DGS-PC-RRHH-011" , "  007880" , "PC" , "", True);
INSERT INTO equipo (id_oficina, nro_serie, nombre, id_inventario, tipo, observaciones, dominio) VALUES (12 , "8CC21821KR" , "DGS-PC-RRHH-012" , "  007893" , "PC" , "", True);
INSERT INTO equipo (id_oficina, nro_serie, nombre, id_inventario, tipo, observaciones, dominio) VALUES (12 , "8CC21821V9" , "DGS-PC-RRHH-013" , "  007826" , "PC" , "", True);
INSERT INTO equipo (id_oficina, nro_serie, nombre, id_inventario, tipo, observaciones, dominio) VALUES (12 , "8CC21821HN" , "DGS-PC-RRHH-014" , "  007892" , "PC" , "", True);
INSERT INTO equipo (id_oficina, nro_serie, nombre, id_inventario, tipo, observaciones, dominio) VALUES (12 , "8CC2182250" , "DGS-PC-RRHH-015" , "  007897" , "PC" , "", True);
INSERT INTO equipo (id_oficina, nro_serie, nombre, id_inventario, tipo, observaciones, dominio) VALUES (12 , "8CC21821P3" , "DGS-PC-RRHH-017" , "  007910" , "PC" , "", True);
INSERT INTO equipo (id_oficina, nro_serie, nombre, id_inventario, tipo, observaciones, dominio) VALUES (12 , "8CC21821RG" , "DGS-PC-RRHH-018" , "  007911" , "PC" , "", True);
INSERT INTO equipo (id_oficina, nro_serie, nombre, id_inventario, tipo, observaciones, dominio) VALUES (12 , "8CC21821VT" , "DGS-PC-RRHH-022" , "  007924" , "PC" , "", True);
INSERT INTO equipo (id_oficina, nro_serie, nombre, id_inventario, tipo, observaciones, dominio) VALUES (19 , "8CC21821PY" , "DGS-PC-RRHH-023" , "  007841" , "PC" , "Se realizo cambio de GHM a MiniPC HP", True);
INSERT INTO equipo (id_oficina, nro_serie, nombre, id_inventario, tipo, observaciones, dominio) VALUES (12 , "8CC21821HD" , "DGS-PC-RRHH-024" , "xxxxxx" , "PC" , "", True);
INSERT INTO equipo (id_oficina, nro_serie, nombre, id_inventario, tipo, observaciones, dominio) VALUES (12 , "8CC2182249" , "DGS-PC-RRHH-025" , " 000" , "PC" , "", True);
INSERT INTO equipo (id_oficina, nro_serie, nombre, id_inventario, tipo, observaciones, dominio) VALUES (12 , "8CC21821R1" , "DGS-PC-RRHH-027" , "  008243" , "PC" , "Se realizo cambio de GHM a MiniPC HP", True);
INSERT INTO equipo (id_oficina, nro_serie, nombre, id_inventario, tipo, observaciones, dominio) VALUES (12 , "8CC2182223" , "DGS-PC-RRHH-033" , " 000" , "PC" , "", True);
INSERT INTO equipo (id_oficina, nro_serie, nombre, id_inventario, tipo, observaciones, dominio) VALUES ( 3 , "8CC1293SGN" , "DGS-PC-ASCL-020" , "  007125" , "PC" , "", True);
INSERT INTO equipo (id_oficina, nro_serie, nombre, id_inventario, tipo, observaciones, dominio) VALUES (13 , "D1931GB00028" , "DGS-PC-SUB-001" , " 000" , "PC" , "", True);
INSERT INTO equipo (id_oficina, nro_serie, nombre, id_inventario, tipo, observaciones, dominio) VALUES (15 , "8CC21821ZB" , "DGS-PC-GDOC-002" , " 000" , "PC" , "", True);
INSERT INTO equipo (id_oficina, nro_serie, nombre, id_inventario, tipo, observaciones, dominio) VALUES (15 , "8CC21821VL" , "DGS-PC-GDOC-003" , "  00" , "PC" , "", True);
INSERT INTO equipo (id_oficina, nro_serie, nombre, id_inventario, tipo, observaciones, dominio) VALUES (16 , " 000" , "DGS-PC-AUTC-001" , " 000" , "PC" , "", True);
INSERT INTO equipo (id_oficina, nro_serie, nombre, id_inventario, tipo, observaciones, dominio) VALUES (16 , " 000" , "DGS-PC-AUTC-002" , " 000" , "PC" , "", True);
INSERT INTO equipo (id_oficina, nro_serie, nombre, id_inventario, tipo, observaciones, dominio) VALUES (16 , " 000" , "DGS-PC-AUTC-003" , " 000" , "PC" , "", True);
INSERT INTO equipo (id_oficina, nro_serie, nombre, id_inventario, tipo, observaciones, dominio) VALUES (16 , " 000" , "DGS-PC-AUTC-004" , " 000" , "PC" , "", True);
INSERT INTO equipo (id_oficina, nro_serie, nombre, id_inventario, tipo, observaciones, dominio) VALUES (17 , "MJ07G2IG" , "DGS-PC-FCON-001" , "  004932" , "PC" , "", True);
INSERT INTO equipo (id_oficina, nro_serie, nombre, id_inventario, tipo, observaciones, dominio) VALUES ( 5 , "8CC2182258" , "DGS-PC-CDIG-004" , "07923" , "PC" , "", True);
INSERT INTO equipo (id_oficina, nro_serie, nombre, id_inventario, tipo, observaciones, dominio) VALUES ( 5 , "8CC21821QJ" , "DGS-PC-CDIG-003" , "7908" , "PC" , "", True);
INSERT INTO equipo (id_oficina, nro_serie, nombre, id_inventario, tipo, observaciones, dominio) VALUES (18 , "8CC21821YP" , "DGS-PC-CIOP-002" , "787" , "PC" , "", True);
INSERT INTO equipo (id_oficina, nro_serie, nombre, id_inventario, tipo, observaciones, dominio) VALUES (19 , "8CC21821L9" , "DGS-PC-RRHH-019" , "  007900" , "PC" , "", True);
INSERT INTO equipo (id_oficina, nro_serie, nombre, id_inventario, tipo, observaciones, dominio) VALUES (20 , "8CC21821WQ" , "DGS-PC-RRHH-099" , "  007889" , "PC" , "Puesto provisoriamente el nombre de PC DGS-PC-RRHH-099", True);
INSERT INTO equipo (id_oficina, nro_serie, nombre, id_inventario, tipo, observaciones, dominio) VALUES (21 , "8CC21821YS" , "DGS-PC-ASCL-002" , "  007887" , "PC" , "", True);
INSERT INTO equipo (id_oficina, nro_serie, nombre, id_inventario, tipo, observaciones, dominio) VALUES (21 , "8CC218220Z" , "DGS-PC-ASCL-003" , "  007861" , "PC" , "", True);
INSERT INTO equipo (id_oficina, nro_serie, nombre, id_inventario, tipo, observaciones, dominio) VALUES (31 , "8CC21821WP" , "DGS-PC-ASCL-005" , "  007849" , "PC" , "", True);
INSERT INTO equipo (id_oficina, nro_serie, nombre, id_inventario, tipo, observaciones, dominio) VALUES (31 , "8CC21821WM" , "DGS-PC-ASCL-006" , "  007833" , "PC" , "", True);
INSERT INTO equipo (id_oficina, nro_serie, nombre, id_inventario, tipo, observaciones, dominio) VALUES (31 , "8CC2182233" , "DGS-PC-ASCL-007" , "  007863" , "PC" , "", True);
INSERT INTO equipo (id_oficina, nro_serie, nombre, id_inventario, tipo, observaciones, dominio) VALUES (21 , "8CC21821V2" , "DGS-PC-ASCL-008" , "  007925" , "PC" , "", True);
INSERT INTO equipo (id_oficina, nro_serie, nombre, id_inventario, tipo, observaciones, dominio) VALUES (31 , "8CC21821Q4" , "DGS-PC-ASCL-009" , "  007864" , "PC" , "", True);
INSERT INTO equipo (id_oficina, nro_serie, nombre, id_inventario, tipo, observaciones, dominio) VALUES (31 , "8CC21821ZW" , "DGS-PC-ASCL-014" , "  007922" , "PC" , "", True);
INSERT INTO equipo (id_oficina, nro_serie, nombre, id_inventario, tipo, observaciones, dominio) VALUES (21 , "8CC21821SS" , "DGS-PC-ASCL-012" , "  007894" , "PC" , "", True);
INSERT INTO equipo (id_oficina, nro_serie, nombre, id_inventario, tipo, observaciones, dominio) VALUES (21 , "8CC1293S32" , "DGS-PC-ASCL-013" , "  007102" , "PC" , "", True);
INSERT INTO equipo (id_oficina, nro_serie, nombre, id_inventario, tipo, observaciones, dominio) VALUES (32 , "8CC21821W0" , "DGS-PC-SIS-003" , "  007855" , "PC" , "", True);
INSERT INTO equipo (id_oficina, nro_serie, nombre, id_inventario, tipo, observaciones, dominio) VALUES (33 , "D1931GB00056" , "DGS-PC-RRHH-016" , "2659" , "PC" , "", True);
INSERT INTO equipo (id_oficina, nro_serie, nombre, id_inventario, tipo, observaciones, dominio) VALUES (18 , "D1931GB00184" , "DGS-PC-CIOP-003" , "2654" , "PC" , "", True);
INSERT INTO equipo (id_oficina, nro_serie, nombre, id_inventario, tipo, observaciones, dominio) VALUES (34 , "5CG13569ST" , "DGS-NOT-MIN-020" , "  007169" , "PC" , "", True);
INSERT INTO equipo (id_oficina, nro_serie, nombre, id_inventario, tipo, observaciones, dominio) VALUES ( 1 , "8CC1293SFF" , "DGS-PC-SIS-050" , "07105" , "PC" , "Sala de reuniones", True);
INSERT INTO equipo (id_oficina, nro_serie, nombre, id_inventario, tipo, observaciones, dominio) VALUES ( 1 , "prueba" , "DGS-PC-SIS-002" , "prueba" , "PC" , "", True);
INSERT INTO equipo (id_oficina, nro_serie, nombre, id_inventario, tipo, observaciones, dominio) VALUES ( 1 , "pruebaaaa" , "DGS-PC-SIS-005" , "pruebaaa" , "PC" , "", True);
INSERT INTO equipo (id_oficina, nro_serie, nombre, id_inventario, tipo, observaciones, dominio) VALUES (36 , "(no se encuentra)" , "EDU-PC-COM-001" , "  0008066" , "PC" , "", True);
INSERT INTO equipo (id_oficina, nro_serie, nombre, id_inventario, tipo, observaciones, dominio) VALUES (37 , "J0FN57Q" , "EDU-PC-DDHH-001" , "  007578" , "PC" , "", True);
INSERT INTO equipo (id_oficina, nro_serie, nombre, id_inventario, tipo, observaciones, dominio) VALUES (38 , "MJ06B1FY" , "EDU-PC-SUP-001" , "  004037" , "PC" , "", True);
INSERT INTO equipo (id_oficina, nro_serie, nombre, id_inventario, tipo, observaciones, dominio) VALUES (38 , " D1931GB0023" , "EDU-PC-SUP-002" , "(no se sabe)" , "PC" , "", True);
INSERT INTO equipo (id_oficina, nro_serie, nombre, id_inventario, tipo, observaciones, dominio) VALUES (38 , "D1931GB00119" , "EDU-PC-SUP-003" , "2664" , "PC" , "", True);
INSERT INTO equipo (id_oficina, nro_serie, nombre, id_inventario, tipo, observaciones, dominio) VALUES (38 , "MJ0FN59A" , "EDU-PC-SUP-004" , "  007585 " , "PC" , "", True);
INSERT INTO equipo (id_oficina, nro_serie, nombre, id_inventario, tipo, observaciones, dominio) VALUES (38 , "MJOFN584" , "EDU-PC-SUP-005" , "  007581" , "PC" , "", True);
INSERT INTO equipo (id_oficina, nro_serie, nombre, id_inventario, tipo, observaciones, dominio) VALUES (38 , "MJ0FN58B" , "EDU-PC-SUP-006" , "  007582 " , "PC" , "", True);
INSERT INTO equipo (id_oficina, nro_serie, nombre, id_inventario, tipo, observaciones, dominio) VALUES (39 , "D1931GB00174 " , "EDU-PC-ENF-001" , "(no se sabe)" , "PC" , "", True);
INSERT INTO equipo (id_oficina, nro_serie, nombre, id_inventario, tipo, observaciones, dominio) VALUES (40 , "(no se sabe)" , "EDU-PC-FIN-001" , "(no se sabe)" , "PC" , "", True);
INSERT INTO equipo (id_oficina, nro_serie, nombre, id_inventario, tipo, observaciones, dominio) VALUES (41 , "D1931GB00169" , "EDU-PC-CIEN-001" , "2685" , "PC" , "", True);
INSERT INTO equipo (id_oficina, nro_serie, nombre, id_inventario, tipo, observaciones, dominio) VALUES (41 , "MJOEM1ZW" , "EDU-PC-CIEN-002" , "  007579" , "PC" , "", True);
INSERT INTO equipo (id_oficina, nro_serie, nombre, id_inventario, tipo, observaciones, dominio) VALUES (42 , "MJ0FN594" , "EDU-PC-BEC-001" , "(no se sabe)" , "PC" , "", True);
INSERT INTO equipo (id_oficina, nro_serie, nombre, id_inventario, tipo, observaciones, dominio) VALUES (38 , "D1931GB00177" , "EDU-PC-SUP-007" , "2675" , "PC" , "", True);
INSERT INTO equipo (id_oficina, nro_serie, nombre, id_inventario, tipo, observaciones, dominio) VALUES (45 , "25058" , "DGS-PC-CMP-001" , "  008449" , "PC" , "", True);
INSERT INTO equipo (id_oficina, nro_serie, nombre, id_inventario, tipo, observaciones, dominio) VALUES ( 2 , "25060" , "DGS-PC-OYS-008" , "25060" , "PC" , "", True);
INSERT INTO equipo (id_oficina, nro_serie, nombre, id_inventario, tipo, observaciones, dominio) VALUES ( 1 , "8CC1293S4N" , "DGS-PC-SIS-006" , "  007094" , "PC" , "", True);
INSERT INTO equipo (id_oficina, nro_serie, nombre, id_inventario, tipo, observaciones, dominio) VALUES (36 , "5CG947681W" , "EDU-LP-COM-001" , "?" , "LP" , "", True);
INSERT INTO equipo (id_oficina, nro_serie, nombre, id_inventario, tipo, observaciones, dominio) VALUES ( 2 , "D1931GB00116" , "DGS-PC-OYS-050" , "2691" , "PC" , "", True);
INSERT INTO equipo (id_oficina, nro_serie, nombre, id_inventario, tipo, observaciones, dominio) VALUES (46 , "D1931GB00059" , "DGS-PC-CPF-003" , "2655" , "PC" , "", True);
INSERT INTO equipo (id_oficina, nro_serie, nombre, id_inventario, tipo, observaciones, dominio) VALUES (38 , "5CG1265ZX1" , "EDU-LP-SUP-001" , "  007584" , "LP" , "", True);
INSERT INTO equipo (id_oficina, nro_serie, nombre, id_inventario, tipo, observaciones, dominio) VALUES (38 , " 00 00  000" , "EDU-PC-SUP-100" , " 00 00 000" , "PC" , "INTERNO 112", True);
INSERT INTO equipo (id_oficina, nro_serie, nombre, id_inventario, tipo, observaciones, dominio) VALUES (38 , " 00 00  000" , "EDU-PC-SUP-101" , " 00 00 00  00" , "PC" , "Interno: 112", True);
INSERT INTO equipo (id_oficina, nro_serie, nombre, id_inventario, tipo, observaciones, dominio) VALUES (47 , "MJ0J15CJ" , "EDU-PC-SNIC-003" , " 00 00 00" , "PC" , "", True);
INSERT INTO equipo (id_oficina, nro_serie, nombre, id_inventario, tipo, observaciones, dominio) VALUES (48 , "-------" , "EDU-PC-ADM-001" , " 00" , "PC" , "", True);
INSERT INTO equipo (id_oficina, nro_serie, nombre, id_inventario, tipo, observaciones, dominio) VALUES (48 , "5cg12660ff" , "EDU-LP-ADM-001" , " 00" , "LP" , "", True);
INSERT INTO equipo (id_oficina, nro_serie, nombre, id_inventario, tipo, observaciones, dominio) VALUES (21 , "25059" , "DGS-PC-ASCL-015" , "  008510" , "PC" , "", True);
INSERT INTO equipo (id_oficina, nro_serie, nombre, id_inventario, tipo, observaciones, dominio) VALUES (42 , "5CD8034Y5N" , "EDU-LP-BEC-001" , " 000" , "LP" , "", True);
INSERT INTO equipo (id_oficina, nro_serie, nombre, id_inventario, tipo, observaciones, dominio) VALUES (48 , "mj0j156n/" , "EDU-PC-ADM-099" , " 00" , "PC" , "", True);
INSERT INTO equipo (id_oficina, nro_serie, nombre, id_inventario, tipo, observaciones, dominio) VALUES (41 , "MJ0J154Q" , "EDU-PC-CIEN-003" , " 00" , "PC" , "", True);
INSERT INTO equipo (id_oficina, nro_serie, nombre, id_inventario, tipo, observaciones, dominio) VALUES (49 , "MJOJ14ZX" , "EDU-PC-SEC-001" , " 00" , "PC" , "", True);
INSERT INTO equipo (id_oficina, nro_serie, nombre, id_inventario, tipo, observaciones, dominio) VALUES (48 , "SMJ06B1GF" , "EDU-PC-ADM-002" , "  004032" , "PC" , "", True);
INSERT INTO equipo (id_oficina, nro_serie, nombre, id_inventario, tipo, observaciones, dominio) VALUES (40 , "MJ0J156W" , "EDU-PC-FIN-002" , " 00" , "PC" , "", True);
INSERT INTO equipo (id_oficina, nro_serie, nombre, id_inventario, tipo, observaciones, dominio) VALUES (50 , "CLON-230312-568" , "PECA-PC-PRO-001" , "2922" , "PC" , "", True);
INSERT INTO equipo (id_oficina, nro_serie, nombre, id_inventario, tipo, observaciones, dominio) VALUES ( 1 , "8CC21821WC" , "DGS-PC-SIS-007" , "  00" , "PC" , "RAM 8GB -   006793", True);
INSERT INTO equipo (id_oficina, nro_serie, nombre, id_inventario, tipo, observaciones, dominio) VALUES (51 , "8CC21821TD" , "EDU-PC-PFE-001" , "07916" , "PC" , "", True);
INSERT INTO equipo (id_oficina, nro_serie, nombre, id_inventario, tipo, observaciones, dominio) VALUES ( 1 , "8CC1293SFF" , "DGS-PC-SIS-50" , "07105" , "PC" , "", True);
INSERT INTO equipo (id_oficina, nro_serie, nombre, id_inventario, tipo, observaciones, dominio) VALUES ( 6 , "smj06b1g6" , "DGS-PC-CIP-011" , "  004035" , "PC" , "", True);
INSERT INTO equipo (id_oficina, nro_serie, nombre, id_inventario, tipo, observaciones, dominio) VALUES (52 , "CS701GDS50" , "DGS-PC-FIS-010" , " 00 00" , "PC" , "Nueva PC solicitado por Julio", True);
INSERT INTO equipo (id_oficina, nro_serie, nombre, id_inventario, tipo, observaciones, dominio) VALUES (53 , "MJ0EM20C" , "EDU-PC-IES-001" , "-" , "PC" , "", True);
INSERT INTO equipo (id_oficina, nro_serie, nombre, id_inventario, tipo, observaciones, dominio) VALUES (55 , "5cg1265zvg" , "EDU-NOT-INN-001" , " 00" , "LP" , "", True);
INSERT INTO equipo (id_oficina, nro_serie, nombre, id_inventario, tipo, observaciones, dominio) VALUES ( 1 , "8CC1293SG3" , "DGS-PC-SIS-002" , "07098" , "PC" , "", True);
INSERT INTO equipo (id_oficina, nro_serie, nombre, id_inventario, tipo, observaciones, dominio) VALUES ( 1 , "8CC1293SC9" , "DGS-PC-SIS-004" , "07109" , "PC" , "", True);
INSERT INTO equipo (id_oficina, nro_serie, nombre, id_inventario, tipo, observaciones, dominio) VALUES ( 1 , "8CC1293SGK" , "DGS-PC-SIS-008" , "07106" , "PC" , "", True);
INSERT INTO equipo (id_oficina, nro_serie, nombre, id_inventario, tipo, observaciones, dominio) VALUES ( 1 , "8CC1293SDM" , "DGS-PC-SIS-009" , "07108" , "PC" , "", True);
INSERT INTO equipo (id_oficina, nro_serie, nombre, id_inventario, tipo, observaciones, dominio) VALUES ( 1 , "88888888" , "DGS-PC-SIS-005" , " 00 00" , "PC" , "", True);
INSERT INTO equipo (id_oficina, nro_serie, nombre, id_inventario, tipo, observaciones, dominio) VALUES ( 1 , "8CC1293SDV" , "DGS-PC-SIS-010" , "07111 " , "PC" , "", True);
INSERT INTO equipo (id_oficina, nro_serie, nombre, id_inventario, tipo, observaciones, dominio) VALUES ( 1 , "8CC1293SD3" , "DGS-PC-SIS-011" , "07110 " , "PC" , "", True);
INSERT INTO equipo (id_oficina, nro_serie, nombre, id_inventario, tipo, observaciones, dominio) VALUES ( 1 , "8CC1293SBV" , "DGS-PC-SIS-021" , "07103 " , "PC" , "", True);
INSERT INTO equipo (id_oficina, nro_serie, nombre, id_inventario, tipo, observaciones, dominio) VALUES ( 1 , "8CC21821Z5" , "DGS-PC-SIS-013" , "07852" , "PC" , "", True);
INSERT INTO equipo (id_oficina, nro_serie, nombre, id_inventario, tipo, observaciones, dominio) VALUES ( 1 , "MXL0472M6M" , "DGS-PC-SIS-014" , "  000" , "PC" , "", True);
INSERT INTO equipo (id_oficina, nro_serie, nombre, id_inventario, tipo, observaciones, dominio) VALUES ( 6 , "CLON-230312-601" , "DGS-PC-CIP-001" , "  008563" , "PC" , "", True);
INSERT INTO equipo (id_oficina, nro_serie, nombre, id_inventario, tipo, observaciones, dominio) VALUES (38 , "5CD8034Y2Q" , "EDU-PC-SUP-008" , "  00" , "PC" , "Laptop Educación Notariado", True);
INSERT INTO equipo (id_oficina, nro_serie, nombre, id_inventario, tipo, observaciones, dominio) VALUES ( 1 , "8CC218222Z" , "DGS-PC-SIS-015" , "07842" , "PC" , "", True);
INSERT INTO equipo (id_oficina, nro_serie, nombre, id_inventario, tipo, observaciones, dominio) VALUES ( 2 , "M8NRKD02180633D" , "DGS-NOT-OYS-001" , "  008572" , "PC" , "", True);
INSERT INTO equipo (id_oficina, nro_serie, nombre, id_inventario, tipo, observaciones, dominio) VALUES ( 2 , "M8NRKD028136330" , "DGS-NOT-OYS-002" , "  008573" , "PC" , "", True);
INSERT INTO equipo (id_oficina, nro_serie, nombre, id_inventario, tipo, observaciones, dominio) VALUES (79 , "G6BN806003GL" , "EDU-PC-IES-002" , " 00 00 00" , "PC" , "", True);
INSERT INTO equipo (id_oficina, nro_serie, nombre, id_inventario, tipo, observaciones, dominio) VALUES (48 , "8CC3231M59" , "EDU-PC-ADM-003" , " 00 00" , "PC" , "", True);
INSERT INTO equipo (id_oficina, nro_serie, nombre, id_inventario, tipo, observaciones, dominio) VALUES (40 , "8CC3231M7F" , "EDU-PC-FIN-003" , " 000" , "PC" , "", True);
INSERT INTO equipo (id_oficina, nro_serie, nombre, id_inventario, tipo, observaciones, dominio) VALUES (54 , "701924410D8Z5" , "EDU-RRHH-0123" , " 00" , "PRT" , "", True);
INSERT INTO equipo (id_oficina, nro_serie, nombre, id_inventario, tipo, observaciones, dominio) VALUES (49 , "75294524V0F5" , "EDU-SEC-0123" , " 00" , "PRT" , "", True);
INSERT INTO equipo (id_oficina, nro_serie, nombre, id_inventario, tipo, observaciones, dominio) VALUES (17 , "24937" , "DGS-PC-FCON-002" , " 00" , "PC" , "PC GHM", True);
INSERT INTO equipo (id_oficina, nro_serie, nombre, id_inventario, tipo, observaciones, dominio) VALUES (20 , "D1931GB00052" , "DGS-PC-RRHH-020" , "2636" , "PC" , "", True);
INSERT INTO equipo (id_oficina, nro_serie, nombre, id_inventario, tipo, observaciones, dominio) VALUES (48 , "701924410D8Z4" , "EDU-SEC-0223" , "  00" , "PC" , "", True);
INSERT INTO equipo (id_oficina, nro_serie, nombre, id_inventario, tipo, observaciones, dominio) VALUES ( 2 , "M8NRKD028023335" , "DGS-NOT-OYS-003" , "  00" , "NOT" , "", True);
INSERT INTO equipo (id_oficina, nro_serie, nombre, id_inventario, tipo, observaciones, dominio) VALUES ( 2 , "NANRKD012701427" , "DGS-NOT-OYS-004" , "  00" , "NOT" , "", True);
INSERT INTO equipo (id_oficina, nro_serie, nombre, id_inventario, tipo, observaciones, dominio) VALUES ( 1 , "CND2210BH9" , "DGS-NOT-SIS-001" , "08178" , "NOT" , "", True);
INSERT INTO equipo (id_oficina, nro_serie, nombre, id_inventario, tipo, observaciones, dominio) VALUES (79 , "8CC3231M4M" , "EDU-PC-IES-003" , "000" , "PC" , "", True);
INSERT INTO equipo (id_oficina, nro_serie, nombre, id_inventario, tipo, observaciones, dominio) VALUES (79 , "8CC3231M74" , "EDU-PC-IES-004" , " 00" , "PC" , "", True);
INSERT INTO equipo (id_oficina, nro_serie, nombre, id_inventario, tipo, observaciones, dominio) VALUES (38 , "5CG3117FLS" , "EDU-NOT-SUP-001" , "  00" , "NOT" , "", True);
INSERT INTO equipo (id_oficina, nro_serie, nombre, id_inventario, tipo, observaciones, dominio) VALUES (79 , "8CC3231M6Z" , "EDU-PC-IES-005" , "  000" , "PC" , "", True);
INSERT INTO equipo (id_oficina, nro_serie, nombre, id_inventario, tipo, observaciones, dominio) VALUES (15 , "25062" , "DGS-PC-GDOC-099" , "  008507" , "PC" , "", True);
INSERT INTO equipo (id_oficina, nro_serie, nombre, id_inventario, tipo, observaciones, dominio) VALUES (12 , "752924324TF3K" , "SEC-RRHH-0123" , "08712" , "PRT" , "", True);
INSERT INTO equipo (id_oficina, nro_serie, nombre, id_inventario, tipo, observaciones, dominio) VALUES (50 , "8CC1293SFN" , "PECA-PC-PRO-002" , "07133" , "PC" , "", True);
INSERT INTO equipo (id_oficina, nro_serie, nombre, id_inventario, tipo, observaciones, dominio) VALUES (50 , "8CC1293SDH" , "PECA-PC-PRO-003" , "07113" , "PC" , "", True);
INSERT INTO equipo (id_oficina, nro_serie, nombre, id_inventario, tipo, observaciones, dominio) VALUES (50 , "8CC1293S84" , "PECA-PC-PRO-004" , "07121" , "PC" , "", True);
INSERT INTO equipo (id_oficina, nro_serie, nombre, id_inventario, tipo, observaciones, dominio) VALUES (45 , "D1931GB00137" , "DGS-PC-CMP-002" , "2652" , "PC" , "", True);
INSERT INTO equipo (id_oficina, nro_serie, nombre, id_inventario, tipo, observaciones, dominio) VALUES (10 , "S752924324TH1G" , "SEC-JNOT-0423" , "08713" , "PRT" , "", True);
INSERT INTO equipo (id_oficina, nro_serie, nombre, id_inventario, tipo, observaciones, dominio) VALUES (46 , "5CG947682B" , "DGS-NOT-CONT-01" , "05986" , "PC" , "Multiples Usuarios", True);
INSERT INTO equipo (id_oficina, nro_serie, nombre, id_inventario, tipo, observaciones, dominio) VALUES ( 3 , "8CC1293SGB" , "DGS-PC-ASCL-016" , "07117" , "PC" , "", True);
INSERT INTO equipo (id_oficina, nro_serie, nombre, id_inventario, tipo, observaciones, dominio) VALUES ( 3 , "  00" , "DGS-PC-ASCL-002" , "  00" , "PC" , "", True);
INSERT INTO equipo (id_oficina, nro_serie, nombre, id_inventario, tipo, observaciones, dominio) VALUES ( 3 , " 000" , "DGS-PC-ASCL-001" , "  00" , "PC" , "NO USAR", True);
INSERT INTO equipo (id_oficina, nro_serie, nombre, id_inventario, tipo, observaciones, dominio) VALUES ( 3 , "  00" , "DGS-PC-ASCL-010" , "  00" , "PC" , "NO USAR", True);
INSERT INTO equipo (id_oficina, nro_serie, nombre, id_inventario, tipo, observaciones, dominio) VALUES ( 3 , "8CC1293SD8" , "DGS-PC-ASCL-017" , "07128 " , "PC" , "", True);
INSERT INTO equipo (id_oficina, nro_serie, nombre, id_inventario, tipo, observaciones, dominio) VALUES ( 3 , "8CC1293SC4" , "DGS-PC-ASCL-018" , "07124" , "PC" , "", True);
INSERT INTO equipo (id_oficina, nro_serie, nombre, id_inventario, tipo, observaciones, dominio) VALUES ( 3 , "8CC1293SGP" , "DGS-PC-ASCL-019" , "07136" , "PC" , "", True);
INSERT INTO equipo (id_oficina, nro_serie, nombre, id_inventario, tipo, observaciones, dominio) VALUES ( 3 , "8CC1293S44" , "DGS-PC-ASCL-021" , "07107" , "PC" , "", True);
INSERT INTO equipo (id_oficina, nro_serie, nombre, id_inventario, tipo, observaciones, dominio) VALUES ( 3 , "24928" , "DGS-PC-ASCL-022" , "  008828" , "PC" , "", True);
INSERT INTO equipo (id_oficina, nro_serie, nombre, id_inventario, tipo, observaciones, dominio) VALUES ( 3 , "24780" , "DGS-PC-ASCL-023" , "157" , "PC" , "", True);
INSERT INTO equipo (id_oficina, nro_serie, nombre, id_inventario, tipo, observaciones, dominio) VALUES ( 1 , "965NNZ3" , "DGS-PC-SIS-016" , "08768" , "PC" , "", True);
INSERT INTO equipo (id_oficina, nro_serie, nombre, id_inventario, tipo, observaciones, dominio) VALUES ( 8 , "pf2qryltPF9XB1325032" , "DGS-NOT-DIR-001" , "06848" , "NOT" , "", True);
INSERT INTO equipo (id_oficina, nro_serie, nombre, id_inventario, tipo, observaciones, dominio) VALUES ( 3 , "25064" , "DGS-PC-ASCL-024" , "  008830" , "PC" , "", True);
INSERT INTO equipo (id_oficina, nro_serie, nombre, id_inventario, tipo, observaciones, dominio) VALUES ( 3 , "D1931GB00117" , "DGS-PC-ASCL-025" , "2687" , "PC" , "", True);
INSERT INTO equipo (id_oficina, nro_serie, nombre, id_inventario, tipo, observaciones, dominio) VALUES (36 , "S752924524V122" , "EDU-COM-0323" , "  00" , "PRT" , "", True);
INSERT INTO equipo (id_oficina, nro_serie, nombre, id_inventario, tipo, observaciones, dominio) VALUES (74 , "CND3470XCR" , "EDU-NOT-PNET-001" , " 00 00 000" , "NOT" , "Laptop Educación" , True);
INSERT INTO equipo (id_oficina, nro_serie, nombre, id_inventario, tipo, observaciones, dominio) VALUES (50 , "24949" , "PECA-PC-PRO-005" , "05220" , "PC" , "", True);
INSERT INTO equipo (id_oficina, nro_serie, nombre, id_inventario, tipo, observaciones, dominio) VALUES (80 , "pf2qsc14PF9XB1325032" , "DGS-NOT-SECM-01" , "  006849" , "PC" , "", True);
INSERT INTO equipo (id_oficina, nro_serie, nombre, id_inventario, tipo, observaciones, dominio) VALUES (80 , "pf2qtnd9PF9XB1325032" , "DGS-NOT-SECM-02" , "  006845" , "NOT" , "", True);
INSERT INTO equipo (id_oficina, nro_serie, nombre, id_inventario, tipo, observaciones, dominio) VALUES (69 , "CND3470XG5" , "EDU-NOT-GEN-001" , " 00  00" , "NOT" , "Laptop HP Educación" , True);
INSERT INTO equipo (id_oficina, nro_serie, nombre, id_inventario, tipo, observaciones, dominio) VALUES (50 , "24936" , "PECA-PC-PRO-006" , " " , "PC" , "", True);
INSERT INTO equipo (id_oficina, nro_serie, nombre, id_inventario, tipo, observaciones, dominio) VALUES (50 , "25057" , "PECA-PC-PRO-007" , "  00" , "PC" , "", True);
INSERT INTO equipo (id_oficina, nro_serie, nombre, id_inventario, tipo, observaciones, dominio) VALUES (12 , "D1931GB00133" , "DGS-PC-RRHH-021" , " 00 00  000" , "PC" , "I5 6200U 8 RAM DISCO HDD" , True);
INSERT INTO equipo (id_oficina, nro_serie, nombre, id_inventario, tipo, observaciones, dominio) VALUES (34 , "5CG13569SG" , "DGS-NOT-MIN-001" , "07166" , "NOT" , "Va con adaptador de Red TPLINK" , True);
INSERT INTO equipo (id_oficina, nro_serie, nombre, id_inventario, tipo, observaciones, dominio) VALUES (15 , "U64209H6N277745" , "DGS-PRT-GDOC-001" , "2209" , "PRT" , "172.24.1.228" , True);
INSERT INTO equipo (id_oficina, nro_serie, nombre, id_inventario, tipo, observaciones, dominio) VALUES ( 3 , "24785" , "DGS-PC-ASCL-026" , "06160" , "PC" , "", True);
INSERT INTO equipo (id_oficina, nro_serie, nombre, id_inventario, tipo, observaciones, dominio) VALUES ( 1 , "8CC21821TM" , "DGS-PC-SIS-017" , "07862" , "PC" , "", True);
INSERT INTO equipo (id_oficina, nro_serie, nombre, id_inventario, tipo, observaciones, dominio) VALUES ( 1 , "8CC21821PX" , "DGS-PC-SIS-018" , "07835" , "PC" , "", True);
INSERT INTO equipo (id_oficina, nro_serie, nombre, id_inventario, tipo, observaciones, dominio) VALUES ( 1 , "8CC21821KD" , "DGS-PC-SIS-019" , " 00" , "PC" , "", True);
INSERT INTO equipo (id_oficina, nro_serie, nombre, id_inventario, tipo, observaciones, dominio) VALUES (38 , "MJ06B1GT" , "EDU-PC-SUP-009" , " 00" , "PC" , "", True);
INSERT INTO equipo (id_oficina, nro_serie, nombre, id_inventario, tipo, observaciones, dominio) VALUES (54 , "5cg3117fm1" , "EDU-NOT-RRHH-001" , "000" , "NOT" , "", True);
INSERT INTO equipo (id_oficina, nro_serie, nombre, id_inventario, tipo, observaciones, dominio) VALUES (45 , "K4Z853190" , "DGS-PRT-CMP-001" , "3453" , "PRT" , "Etiquetadora" , True);
INSERT INTO equipo (id_oficina, nro_serie, nombre, id_inventario, tipo, observaciones, dominio) VALUES (48 , "D1931GB00153" , "EDU-PC-ADM-004" , "000" , "PC" , "", True);
INSERT INTO equipo (id_oficina, nro_serie, nombre, id_inventario, tipo, observaciones, dominio) VALUES ( 2 , "000" , "DGS-PC-OYS-009" , "000" , "PC" , "", True);
INSERT INTO equipo (id_oficina, nro_serie, nombre, id_inventario, tipo, observaciones, dominio) VALUES (12 , "8CC21821X9" , "DGS-PC-RRHH-028" , "000791" , "PC" , "De momento no tiene usuario" , True);
INSERT INTO equipo (id_oficina, nro_serie, nombre, id_inventario, tipo, observaciones, dominio) VALUES (81 , "D1931GB00224" , "DGS-PC-CPF-002" , "00" , "PC" , "", True);
INSERT INTO equipo (id_oficina, nro_serie, nombre, id_inventario, tipo, observaciones, dominio) VALUES (54 , "701930810FY3H" , "EDU-PRT-RRHH-0423" , " 000" , "PC" , "", True);
INSERT INTO equipo (id_oficina, nro_serie, nombre, id_inventario, tipo, observaciones, dominio) VALUES (41 , "8CC3520N3L" , "EDU-PC-CIEN-004" , " 00" , "PC" , "", True);
INSERT INTO equipo (id_oficina, nro_serie, nombre, id_inventario, tipo, observaciones, dominio) VALUES (41 , "8CC352ON4D" , "EDU-PC-CIEN-005" , "00" , "PC" , "", True);
INSERT INTO equipo (id_oficina, nro_serie, nombre, id_inventario, tipo, observaciones, dominio) VALUES (42 , " 701930810fy10" , "EDU-PRT-BEC-0523" , "608842" , "PRT" , "", True);
INSERT INTO equipo (id_oficina, nro_serie, nombre, id_inventario, tipo, observaciones, dominio) VALUES (59 , "8CC3520N4Q" , "EDU-PC-ART-001" , "00" , "PC" , "", True);
INSERT INTO equipo (id_oficina, nro_serie, nombre, id_inventario, tipo, observaciones, dominio) VALUES (70 , "5CG3117FLC" , "EDU-NOT-INC-001" , "00" , "NOT" , "", True);
INSERT INTO equipo (id_oficina, nro_serie, nombre, id_inventario, tipo, observaciones, dominio) VALUES (70 , "8CC3520N5H" , "EDU-PC-INC-001" , "00" , "PC" , "", True);
INSERT INTO equipo (id_oficina, nro_serie, nombre, id_inventario, tipo, observaciones, dominio) VALUES (72 , "5CG3117FMF" , "EDU-NOT-PAS-001" , "00" , "NOT" , "", True);
INSERT INTO equipo (id_oficina, nro_serie, nombre, id_inventario, tipo, observaciones, dominio) VALUES (70 , "5CG1286JF1" , "EDU-NOT-INC-001" , "00" , "NOT" , "", True);
INSERT INTO equipo (id_oficina, nro_serie, nombre, id_inventario, tipo, observaciones, dominio) VALUES (75 , "5CG3117FLF" , "EDU-NOT-PNL-001" , "00" , "NOT" , "", True);
INSERT INTO equipo (id_oficina, nro_serie, nombre, id_inventario, tipo, observaciones, dominio) VALUES ( 3 , "U64646D1F668517" , "DGS-PRT-ASCL-0124" , "  000695" , "PRT" , "172.24.5.239" , True);
INSERT INTO equipo (id_oficina, nro_serie, nombre, id_inventario, tipo, observaciones, dominio) VALUES ( 3 , "NXGD0AL042719068E234" , "DGS-NOT-ASCL-001" , "000" , "NOT" , "", True);
INSERT INTO equipo (id_oficina, nro_serie, nombre, id_inventario, tipo, observaciones, dominio) VALUES (79 , "CND3470XLL" , "EDU-NOT-IES-001" , "  000" , "NOT" , "", True);
INSERT INTO equipo (id_oficina, nro_serie, nombre, id_inventario, tipo, observaciones, dominio) VALUES (79 , "CND3470XBX" , "EDU-NOT-IES-002" , "  00" , "NOT" , "", True);
INSERT INTO equipo (id_oficina, nro_serie, nombre, id_inventario, tipo, observaciones, dominio) VALUES (79 , "CND3470XJW" , "EDU-NOT-IES-003" , " 00  00" , "NOT" , "", True);
INSERT INTO equipo (id_oficina, nro_serie, nombre, id_inventario, tipo, observaciones, dominio) VALUES (72 , "CND3470XBL" , "EDU-NOT-PAS-002" , "000" , "NOT" , "", True);
INSERT INTO equipo (id_oficina, nro_serie, nombre, id_inventario, tipo, observaciones, dominio) VALUES (38 , "CND3470XC5" , "EDU-PC-SUP-010" , "0001" , "PC" , "", True);
INSERT INTO equipo (id_oficina, nro_serie, nombre, id_inventario, tipo, observaciones, dominio) VALUES (36 , "CND3470XFB" , "EDU-NOT-COM-002" , "000" , "NOT" , "Puesta en dominio por pedido del usuario" , True);
INSERT INTO equipo (id_oficina, nro_serie, nombre, id_inventario, tipo, observaciones, dominio) VALUES (38 , "CND3470XFQ" , "EDU-NOT-SUP-002" , "0001" , "PC" , "", True);
INSERT INTO equipo (id_oficina, nro_serie, nombre, id_inventario, tipo, observaciones, dominio) VALUES (38 , "CND3470Y6T" , "EDU-NOT-SUP-006" , " 00" , "PC" , "", True);
INSERT INTO equipo (id_oficina, nro_serie, nombre, id_inventario, tipo, observaciones, dominio) VALUES (38 , "CND3470XKS" , "EDU-NOT-SUP-007" , "00" , "PC" , "", True);
INSERT INTO equipo (id_oficina, nro_serie, nombre, id_inventario, tipo, observaciones, dominio) VALUES (83 , "MJ0FN58C" , "EDU-PC-MPB-012" , "  00" , "PC" , "", True);
INSERT INTO equipo (id_oficina, nro_serie, nombre, id_inventario, tipo, observaciones, dominio) VALUES (82 , "8CC3520N45" , "EDU-PC-SISM-002" , "01" , "PC" , "", True);
INSERT INTO equipo (id_oficina, nro_serie, nombre, id_inventario, tipo, observaciones, dominio) VALUES (68 , "8CC3520N3D" , "EDU-PC-ENF-002" , "01" , "PC" , "", True);
INSERT INTO equipo (id_oficina, nro_serie, nombre, id_inventario, tipo, observaciones, dominio) VALUES (42 , "DDB12N155209" , "EDU-PC-BEC-002" , "001" , "PC" , "", True);
INSERT INTO equipo (id_oficina, nro_serie, nombre, id_inventario, tipo, observaciones, dominio) VALUES (17 , "MJ07G2WW" , "DGS-PC-GFIN-012" , "00" , "PC" , "", True);
INSERT INTO equipo (id_oficina, nro_serie, nombre, id_inventario, tipo, observaciones, dominio) VALUES ( 6 , "f65nnz3" , "DGS-PC-CIP-016" , "001" , "PC" , "", True);
INSERT INTO equipo (id_oficina, nro_serie, nombre, id_inventario, tipo, observaciones, dominio) VALUES ( 6 , "175nnz3" , "DGS-PC-CIP-005" , "001" , "PC" , "", True);
INSERT INTO equipo (id_oficina, nro_serie, nombre, id_inventario, tipo, observaciones, dominio) VALUES ( 8 , "8CC21821XG" , "DGS-PC-DIR-001" , "001" , "PC" , "", True);
INSERT INTO equipo (id_oficina, nro_serie, nombre, id_inventario, tipo, observaciones, dominio) VALUES (48 , "D1931GB00118" , "EDU-PC-ADM-005" , "005" , "PC" , "", True);
INSERT INTO equipo (id_oficina, nro_serie, nombre, id_inventario, tipo, observaciones, dominio) VALUES (36 , "CND3470Y6C" , "EDU-NOT-COM-001" , " 00" , "NOT" , "", True);
INSERT INTO equipo (id_oficina, nro_serie, nombre, id_inventario, tipo, observaciones, dominio) VALUES ( 8 , "U64209H6N277801" , "DGS-PRT-DIR-001" , "2196" , "PRT" , "", True);
INSERT INTO equipo (id_oficina, nro_serie, nombre, id_inventario, tipo, observaciones, dominio) VALUES ( 6 , "565NNZ3" , "DGS-PC-CIP-019" , "  008771" , "PC" , "", True);
INSERT INTO equipo (id_oficina, nro_serie, nombre, id_inventario, tipo, observaciones, dominio) VALUES ( 6 , "H55NNZ3" , "DGS-PC-CIP-020" , "  008748" , "PC" , "", True);
INSERT INTO equipo (id_oficina, nro_serie, nombre, id_inventario, tipo, observaciones, dominio) VALUES (84 , "G6BN75000697" , "EDU-PC-MPA-003" , "000" , "PC" , "", True);
INSERT INTO equipo (id_oficina, nro_serie, nombre, id_inventario, tipo, observaciones, dominio) VALUES (84 , "G6BN750005W1" , "EDU-PC-MPA-006" , "000" , "PC" , "", True);
INSERT INTO equipo (id_oficina, nro_serie, nombre, id_inventario, tipo, observaciones, dominio) VALUES (84 , "8CC3520N4D" , "EDU-PC-MPA-005" , "000" , "PC" , "", True);
INSERT INTO equipo (id_oficina, nro_serie, nombre, id_inventario, tipo, observaciones, dominio) VALUES (84 , "MJ0ATQWL" , "EDU-PC-MPA-004" , "000" , "PC" , "", True);
INSERT INTO equipo (id_oficina, nro_serie, nombre, id_inventario, tipo, observaciones, dominio) VALUES (84 , "8CC3520N3L" , "EDU-PC-MPA-013" , "00" , "PC" , "", True);
INSERT INTO equipo (id_oficina, nro_serie, nombre, id_inventario, tipo, observaciones, dominio) VALUES (84 , "D1931GB00169" , "EDU-PC-MPA-007" , "000" , "PC" , "", True);
INSERT INTO equipo (id_oficina, nro_serie, nombre, id_inventario, tipo, observaciones, dominio) VALUES (84 , "MJ0ATQXT" , "EDU-PC-MPA-008" , "000" , "PC" , "", True);
INSERT INTO equipo (id_oficina, nro_serie, nombre, id_inventario, tipo, observaciones, dominio) VALUES (84 , "MJ0ATQV0" , "EDU-PC-MPA-011" , "000" , "PC" , "", True);
INSERT INTO equipo (id_oficina, nro_serie, nombre, id_inventario, tipo, observaciones, dominio) VALUES (84 , "8CC3520N5H" , "EDU-PC-MPA-010" , "000" , "PC" , "", True);
INSERT INTO equipo (id_oficina, nro_serie, nombre, id_inventario, tipo, observaciones, dominio) VALUES (84 , "MJ0J154Q" , "EDU-PC-MPA-009" , "000" , "PC" , "", True);
INSERT INTO equipo (id_oficina, nro_serie, nombre, id_inventario, tipo, observaciones, dominio) VALUES (84 , "MJ0ATQVF" , "EDU-PC-MPA-001" , "000" , "PC" , "", True);
INSERT INTO equipo (id_oficina, nro_serie, nombre, id_inventario, tipo, observaciones, dominio) VALUES (84 , "G6BN750006L4" , "EDU-PC-MPA-002" , "000" , "PC" , "", True);
INSERT INTO equipo (id_oficina, nro_serie, nombre, id_inventario, tipo, observaciones, dominio) VALUES (83 , "G6BN749008SS" , "EDU-PC-MPB-004" , "000" , "PC" , "", True);
INSERT INTO equipo (id_oficina, nro_serie, nombre, id_inventario, tipo, observaciones, dominio) VALUES (83 , "MJ0620SF" , "EDU-PC-MPB-005" , "000" , "PC" , "", True);
INSERT INTO equipo (id_oficina, nro_serie, nombre, id_inventario, tipo, observaciones, dominio) VALUES (83 , "MJ06B1GQ" , "EDU-PC-MPB-003" , "000" , "PC" , "", True);
INSERT INTO equipo (id_oficina, nro_serie, nombre, id_inventario, tipo, observaciones, dominio) VALUES (83 , "G6BN806003FH" , "EDU-PC-MPB-011" , "000" , "PC" , "", True);
INSERT INTO equipo (id_oficina, nro_serie, nombre, id_inventario, tipo, observaciones, dominio) VALUES (83 , "G6BN74900A99" , "EDU-PC-MPB-014" , "00" , "PC" , "", True);
INSERT INTO equipo (id_oficina, nro_serie, nombre, id_inventario, tipo, observaciones, dominio) VALUES (83 , "G6BN74900A5P" , "EDU-PC-MPB-006" , "000" , "PC" , "", True);
INSERT INTO equipo (id_oficina, nro_serie, nombre, id_inventario, tipo, observaciones, dominio) VALUES (83 , "MJ0ATQX3" , "EDU-PC-MPB-009" , "000" , "PC" , "", True);
INSERT INTO equipo (id_oficina, nro_serie, nombre, id_inventario, tipo, observaciones, dominio) VALUES (83 , "D1931GB00057" , "EDU-PC-MPB-016" , "000" , "PC" , "", True);
INSERT INTO equipo (id_oficina, nro_serie, nombre, id_inventario, tipo, observaciones, dominio) VALUES (83 , "MJ0ATQWZ" , "EDU-PC-MPB-002" , "000" , "PC" , "", True);
INSERT INTO equipo (id_oficina, nro_serie, nombre, id_inventario, tipo, observaciones, dominio) VALUES (83 , "MJ0FTD04" , "EDU-PC-MPB-001" , "000" , "PC" , "", True);
INSERT INTO equipo (id_oficina, nro_serie, nombre, id_inventario, tipo, observaciones, dominio) VALUES (83 , "8CC3520N45" , "EDU-PC-MPB-013" , "000" , "PC" , "", True);
INSERT INTO equipo (id_oficina, nro_serie, nombre, id_inventario, tipo, observaciones, dominio) VALUES (83 , "G6BN750006BG" , "EDU-PC-MPB-015" , "000" , "PC" , "", True);
INSERT INTO equipo (id_oficina, nro_serie, nombre, id_inventario, tipo, observaciones, dominio) VALUES (83 , "6GBN750006GT" , "EDU-PC-MPB-008" , "000" , "PC" , "", True);
INSERT INTO equipo (id_oficina, nro_serie, nombre, id_inventario, tipo, observaciones, dominio) VALUES (83 , "MJ0FN57Q" , "EDU-PC-MPB-010" , "  000" , "PC" , "", True);
INSERT INTO equipo (id_oficina, nro_serie, nombre, id_inventario, tipo, observaciones, dominio) VALUES (40 , "8cc3231m6x" , "EDU-PC-FIN-004" , "001" , "PC" , "", True);
INSERT INTO equipo (id_oficina, nro_serie, nombre, id_inventario, tipo, observaciones, dominio) VALUES (47 , "5CG1265ZWZ" , "EDU-NOT-SNIC001" , "00" , "PC" , "", True);
INSERT INTO equipo (id_oficina, nro_serie, nombre, id_inventario, tipo, observaciones, dominio) VALUES (15 , "MJ0ATQX5" , "DGS-PC-GDOC-008" , "0001" , "PC" , "", True);
INSERT INTO equipo (id_oficina, nro_serie, nombre, id_inventario, tipo, observaciones, dominio) VALUES ( 2 , "MEC-271213-055" , "DGS-PC-OYS-001" , "1313" , "PC" , "", True);
INSERT INTO equipo (id_oficina, nro_serie, nombre, id_inventario, tipo, observaciones, dominio) VALUES ( 2 , " 00  000" , "DGS-PC-OYS-007" , "24925/414" , "PC" , "", True);
INSERT INTO equipo (id_oficina, nro_serie, nombre, id_inventario, tipo, observaciones, dominio) VALUES (47 , "g6bn74900941" , "EDU-PC-SNIC-001" , "2121" , "PC" , "", True);
INSERT INTO equipo (id_oficina, nro_serie, nombre, id_inventario, tipo, observaciones, dominio) VALUES ( 1 , "8CC1294SG3" , "DGS-PC-SIS-020" , "  00" , "PC" , "", True);
INSERT INTO equipo (id_oficina, nro_serie, nombre, id_inventario, tipo, observaciones, dominio) VALUES ( 1 , "reservado" , "DGS-PC-SIS-001" , " 000" , "PC" , "reservado" , True);
INSERT INTO equipo (id_oficina, nro_serie, nombre, id_inventario, tipo, observaciones, dominio) VALUES (15 , "8cc21821wf" , "DGS-PC-GDOC-004" , "  007823" , "PC" , "", True);
INSERT INTO equipo (id_oficina, nro_serie, nombre, id_inventario, tipo, observaciones, dominio) VALUES (89 , "CND3470YBY" , "EDU-NOT-NOT-001" , " 00  00" , "NOT" , "", True);
INSERT INTO equipo (id_oficina, nro_serie, nombre, id_inventario, tipo, observaciones, dominio) VALUES ( 2 , "D1931GB00186" , "DGS-PC-OYS-011" , "000" , "PC" , "", True);
INSERT INTO equipo (id_oficina, nro_serie, nombre, id_inventario, tipo, observaciones, dominio) VALUES (15 , "D1931GB00030" , "DGS-PC-GDOC-009" , "  000" , "PC" , "", True);
INSERT INTO equipo (id_oficina, nro_serie, nombre, id_inventario, tipo, observaciones, dominio) VALUES (15 , "8CC218221P" , "DGS-PC-GDOC-011" , " 00 00" , "PC" , "", True);
INSERT INTO equipo (id_oficina, nro_serie, nombre, id_inventario, tipo, observaciones, dominio) VALUES (15 , "8CC2182224" , "DGS-PC-GDOC-006" , "  000" , "PC" , "", True);
INSERT INTO equipo (id_oficina, nro_serie, nombre, id_inventario, tipo, observaciones, dominio) VALUES (15 , "8CC21821YC" , "DGS-PC-GDOC-007" , "  00" , "PC" , "", True);
INSERT INTO equipo (id_oficina, nro_serie, nombre, id_inventario, tipo, observaciones, dominio) VALUES (15 , "8CC218221Z0" , "DGS-PC-GDOC-001" , "  00" , "PC" , "", True);
INSERT INTO equipo (id_oficina, nro_serie, nombre, id_inventario, tipo, observaciones, dominio) VALUES (15 , "MJ0EGFTH" , "mec-pc-cdig-001" , "  00" , "PC" , "", True);
INSERT INTO equipo (id_oficina, nro_serie, nombre, id_inventario, tipo, observaciones, dominio) VALUES (47 , "8cc3520n3g" , "EDU-PC-SNIC-004" , "00" , "PC" , "", True);
INSERT INTO equipo (id_oficina, nro_serie, nombre, id_inventario, tipo, observaciones, dominio) VALUES ( 1 , "8cc21821TQ" , "DGS-PC-SIS-012" , "000" , "PC" , "", True);
INSERT INTO equipo (id_oficina, nro_serie, nombre, id_inventario, tipo, observaciones, dominio) VALUES ( 9 , "73013176" , "DGS-PRT-GFIN-001" , "  000" , "PRT" , "", True);
INSERT INTO equipo (id_oficina, nro_serie, nombre, id_inventario, tipo, observaciones, dominio) VALUES ( 9 , "U6420983N273827" , "DGS-PRT-GFIN-002" , " 00  000" , "PRT" , "", True);
INSERT INTO equipo (id_oficina, nro_serie, nombre, id_inventario, tipo, observaciones, dominio) VALUES ( 1 , "8CC21821TQ" , "TESTING-001" , "00" , "PC" , "", True);
INSERT INTO equipo (id_oficina, nro_serie, nombre, id_inventario, tipo, observaciones, dominio) VALUES ( 1 , "8cc1293sdv-7111" , "DGS-PC-SIS-022" , "43" , "PC" , "", True);
INSERT INTO equipo (id_oficina, nro_serie, nombre, id_inventario, tipo, observaciones, dominio) VALUES (90 , "xxxx 001121" , "DGS-PC-EDUCO001" , "00" , "PC" , "NO TIENE NUMERO DE SERIE" , True);
INSERT INTO equipo (id_oficina, nro_serie, nombre, id_inventario, tipo, observaciones, dominio) VALUES (68 , "D1931GB00151" , "EDU-PC-ENF-003" , "000" , "PC" , "", True);
INSERT INTO equipo (id_oficina, nro_serie, nombre, id_inventario, tipo, observaciones, dominio) VALUES ( 2 , "MEC-271213-056" , "DGS-PC-OYS-012" , " 00 000" , "PC" , "", True);
INSERT INTO equipo (id_oficina, nro_serie, nombre, id_inventario, tipo, observaciones, dominio) VALUES ( 7 , "MJ0GSRFP" , "DGS-PC-COM-003" , "000" , "PC" , "", True);
INSERT INTO equipo (id_oficina, nro_serie, nombre, id_inventario, tipo, observaciones, dominio) VALUES (16 , "MJ07G2XY" , "DGS-PC-TRIB-001" , " 00" , "PC" , "", True);
INSERT INTO equipo (id_oficina, nro_serie, nombre, id_inventario, tipo, observaciones, dominio) VALUES ( 2 , "271213061" , "DGS-PC-OYS-013" , "00" , "PC" , "", True);
INSERT INTO equipo (id_oficina, nro_serie, nombre, id_inventario, tipo, observaciones, dominio) VALUES ( 2 , "usada sin datos" , "DGS-PC-OYS-010" , "usada sin datos" , "PC" , "usada sin datos" , True);
INSERT INTO equipo (id_oficina, nro_serie, nombre, id_inventario, tipo, observaciones, dominio) VALUES (83 , "D1931GB00104" , "EDU-PC-MPB-007" , "000" , "PC" , "", True);
INSERT INTO equipo (id_oficina, nro_serie, nombre, id_inventario, tipo, observaciones, dominio) VALUES (83 , "701924410D8YY" , "EDU-PRT-MPB-001" , " 00" , "PC" , "", True);
INSERT INTO equipo (id_oficina, nro_serie, nombre, id_inventario, tipo, observaciones, dominio) VALUES (91 , "775NNZ3" , "EDU-PC-CAS-001" , "000" , "PC" , "SIN DOMINIO" , True);
INSERT INTO equipo (id_oficina, nro_serie, nombre, id_inventario, tipo, observaciones, dominio) VALUES ( 1 , "D1931GB00108" , "DGS-PC-SIS-012" , "  00" , "PC" , "USO PARA REDES" , True);
INSERT INTO equipo (id_oficina, nro_serie, nombre, id_inventario, tipo, observaciones, dominio) VALUES ( 8 , "8CC21821PC" , "DGS-PC-DIR-004" , "000" , "PC" , "", True);
INSERT INTO equipo (id_oficina, nro_serie, nombre, id_inventario, tipo, observaciones, dominio) VALUES ( 7 , "8CC21821Q3" , "DGS-PC-COM-002" , "00" , "PC" , "", True);
INSERT INTO equipo (id_oficina, nro_serie, nombre, id_inventario, tipo, observaciones, dominio) VALUES ( 9 , "10T8A07FCS" , "DGS-PC-GFIN-011" , "--" , "PC" , "", True);
INSERT INTO equipo (id_oficina, nro_serie, nombre, id_inventario, tipo, observaciones, dominio) VALUES (65 , "8CC3520N4Q" , "EDU-PC-DDP-002" , " 00" , "PC" , "", True);
INSERT INTO equipo (id_oficina, nro_serie, nombre, id_inventario, tipo, observaciones, dominio) VALUES (38 , "D1931GB00050" , "EDU-PC-SUP-012" , " 00" , "PC" , "", True);
INSERT INTO equipo (id_oficina, nro_serie, nombre, id_inventario, tipo, observaciones, dominio) VALUES (40 , "5CG9477682K" , "EDU-PC-FIN-005" , "  005990-E" , "PC" , "", True);
INSERT INTO equipo (id_oficina, nro_serie, nombre, id_inventario, tipo, observaciones, dominio) VALUES (45 , "8cc1293S4n" , "DGS-PC-CMP-003" , "--" , "PC" , "", True);
INSERT INTO equipo (id_oficina, nro_serie, nombre, id_inventario, tipo, observaciones, dominio) VALUES (65 , "U63885A8N960404" , "EDU-SEC-DDP-301" , " 00" , "PC" , "", True);
INSERT INTO equipo (id_oficina, nro_serie, nombre, id_inventario, tipo, observaciones, dominio) VALUES (50 , "865NNZ3" , "PECA-PC-PRO-008" , "00" , "PC" , "", True);
INSERT INTO equipo (id_oficina, nro_serie, nombre, id_inventario, tipo, observaciones, dominio) VALUES (50 , "J55NNZ3" , "PECA-PC-PRO-009" , " 00" , "PC" , "", True);
INSERT INTO equipo (id_oficina, nro_serie, nombre, id_inventario, tipo, observaciones, dominio) VALUES (50 , "B65NNZ3" , "PECA-PC-PRO-010" , "00" , "PC" , "", True);
INSERT INTO equipo (id_oficina, nro_serie, nombre, id_inventario, tipo, observaciones, dominio) VALUES (50 , "D65NNZ3" , "PECA-PC-PRO-011" , " 00" , "PC" , "", True);
INSERT INTO equipo (id_oficina, nro_serie, nombre, id_inventario, tipo, observaciones, dominio) VALUES (50 , "665NNZ3" , "PECA-PC-PRO-012" , " 00" , "PC" , "", True);
INSERT INTO equipo (id_oficina, nro_serie, nombre, id_inventario, tipo, observaciones, dominio) VALUES ( 1 , "pf2qparq" , "DGS-NOT-SIS-002" , "--" , "NOT" , "", True);
INSERT INTO equipo (id_oficina, nro_serie, nombre, id_inventario, tipo, observaciones, dominio) VALUES (50 , "375NNZ3" , "PECA-PC-PRO-014" , " 00" , "PC" , "", True);
INSERT INTO equipo (id_oficina, nro_serie, nombre, id_inventario, tipo, observaciones, dominio) VALUES (15 , "D1931GB00030" , "DGS-PC-GDOC-005" , " 00" , "PC" , "", True);
INSERT INTO equipo (id_oficina, nro_serie, nombre, id_inventario, tipo, observaciones, dominio) VALUES (83 , "8CC3502N3G" , "EDU-PC-MPB-017" , "000" , "PC" , "", True);
INSERT INTO equipo (id_oficina, nro_serie, nombre, id_inventario, tipo, observaciones, dominio) VALUES ( 1 , "CND2210BGJ" , "DGS-NOT-SIS-004" , "00" , "PC" , "", True);
INSERT INTO equipo (id_oficina, nro_serie, nombre, id_inventario, tipo, observaciones, dominio) VALUES ( 1 , " CND2210BGT" , "DGS-NOT-SIS-003" , "00" , "NOT" , "", True);
INSERT INTO equipo (id_oficina, nro_serie, nombre, id_inventario, tipo, observaciones, dominio) VALUES (36 , "CND3470Y6T" , "EDU-NOT-COM-003" , " 00" , "NOT" , "", True);
INSERT INTO equipo (id_oficina, nro_serie, nombre, id_inventario, tipo, observaciones, dominio) VALUES (38 , "8CC3231M51" , "EDU-PC-SUP-011" , " 00" , "PC" , "", True);
INSERT INTO equipo (id_oficina, nro_serie, nombre, id_inventario, tipo, observaciones, dominio) VALUES ( 1 , "CND2210G9S" , "DGS-NOT-SIS-006" , "000" , "NOT" , "", True);
INSERT INTO equipo (id_oficina, nro_serie, nombre, id_inventario, tipo, observaciones, dominio) VALUES ( 1 , " 00" , "DGS-NOT-SIS-005" , "000" , "PC" , "Estaba en dominio , sin datos" , True);
INSERT INTO equipo (id_oficina, nro_serie, nombre, id_inventario, tipo, observaciones, dominio) VALUES ( 1 , "8CC1293S45" , "DGS-PC-SIS-023" , " 00" , "PC" , "", True);
INSERT INTO equipo (id_oficina, nro_serie, nombre, id_inventario, tipo, observaciones, dominio) VALUES ( 1 , "8CC218221F" , "DGS-PC-SIS-024" , "  000" , "PC" , "", True);
INSERT INTO equipo (id_oficina, nro_serie, nombre, id_inventario, tipo, observaciones, dominio) VALUES ( 1 , "8CC2182LM" , "DGS-PC-SIS-025" , "  000" , "PC" , "", True);
INSERT INTO equipo (id_oficina, nro_serie, nombre, id_inventario, tipo, observaciones, dominio) VALUES (71 , "CND3470XKR" , "EDU-NOT-MIG-001" , "00" , "NOT" , "", True);
INSERT INTO equipo (id_oficina, nro_serie, nombre, id_inventario, tipo, observaciones, dominio) VALUES ( 1 , "MXL0472M6M" , "DGS-PC-SIS-026" , " 000" , "PC" , "", True);
INSERT INTO equipo (id_oficina, nro_serie, nombre, id_inventario, tipo, observaciones, dominio) VALUES ( 1 , "8CC4341CLJ" , "DGS-PC-SIS-027" , "a" , "PC" , "", True);
INSERT INTO equipo (id_oficina, nro_serie, nombre, id_inventario, tipo, observaciones, dominio) VALUES (49 , "8CC3520N3R" , "EDU-PC-SEC-002" , "  00" , "PC" , "", True);
INSERT INTO equipo (id_oficina, nro_serie, nombre, id_inventario, tipo, observaciones, dominio) VALUES (68 , "D1931GB00284" , "EDU-PC-ENF-004" , "00" , "PC" , "" , True);



INSERT INTO usuario (nombre, apellido, usr, interno) VALUES ("CIOP" , "CIOP" , "." , 1010 );
INSERT INTO usuario (nombre, apellido, usr, interno) VALUES ("bentancor" , "Julio" , "Bentancor" , 0 );
INSERT INTO usuario (nombre, apellido, usr, interno) VALUES ("ana.martinez" , "Ana" , "Martinez" , 0 );
INSERT INTO usuario (nombre, apellido, usr, interno) VALUES ("acrossa" , "Anibal" , "Crossa" , 0 );
INSERT INTO usuario (nombre, apellido, usr, interno) VALUES ("xxxxxxxx" , "Miguel" , "Deandrea" , 0 );
INSERT INTO usuario (nombre, apellido, usr, interno) VALUES ("silvad" , "Daniel" , "Silva" , 0 );
INSERT INTO usuario (nombre, apellido, usr, interno) VALUES ("maria.rocha" , "Maria Jose" , "Rocha" , 1511 );
INSERT INTO usuario (nombre, apellido, usr, interno) VALUES ("fatima.bray" , "Fatima" , "Bray" , 0 );
INSERT INTO usuario (nombre, apellido, usr, interno) VALUES ("xxxxxxxx" , "Alexandra" , "Echeverry" , 0 );
INSERT INTO usuario (nombre, apellido, usr, interno) VALUES ("giuliana.charlo" , "Giuliana" , "Charlo" , 0 );
INSERT INTO usuario (nombre, apellido, usr, interno) VALUES ("28411673" , "Mariano" , "Passagio" , 0 );
INSERT INTO usuario (nombre, apellido, usr, interno) VALUES ("19774569" , "Aldo" , "Alvarez" , 0 );
INSERT INTO usuario (nombre, apellido, usr, interno) VALUES ("juan.gimeno" , "Juan Manuel" , "Gimeno" , 0 );
INSERT INTO usuario (nombre, apellido, usr, interno) VALUES ("vanessa.casciano" , "Vanessa" , "Casciano" , 0 );
INSERT INTO usuario (nombre, apellido, usr, interno) VALUES ("acabrera" , "Adriana" , "Cabrera" , 0 );
INSERT INTO usuario (nombre, apellido, usr, interno) VALUES ("schol" , "Hilda" , "Schol" , 0 );
INSERT INTO usuario (nombre, apellido, usr, interno) VALUES ("mendez" , "Roberto" , "Mendez" , 0 );
INSERT INTO usuario (nombre, apellido, usr, interno) VALUES ("ezequiel.soarez" , "Ezequiel" , "Soarez" , 0 );
INSERT INTO usuario (nombre, apellido, usr, interno) VALUES ("frieder.walker" , "Frieder" , "Walker" , 0 );
INSERT INTO usuario (nombre, apellido, usr, interno) VALUES ("olano" , "Marcela" , "Olano" , 0 );
INSERT INTO usuario (nombre, apellido, usr, interno) VALUES ("orguet" , "Carmen" , "Orguet" , 0 );
INSERT INTO usuario (nombre, apellido, usr, interno) VALUES ("npicun" , "Noela" , "Picun" , 0 );
INSERT INTO usuario (nombre, apellido, usr, interno) VALUES ("zamarripa" , "Mercedes" , "Zamarripa" , 0 );
INSERT INTO usuario (nombre, apellido, usr, interno) VALUES ("klappenbach" , "Carla" , "Klappenbach" , 0 );
INSERT INTO usuario (nombre, apellido, usr, interno) VALUES ("xxxxxxxxx" , "Maria" , "Rodriguez" , 0 );
INSERT INTO usuario (nombre, apellido, usr, interno) VALUES ("purificacion.castro" , "Purificacion" , "Castro" , 0 );
INSERT INTO usuario (nombre, apellido, usr, interno) VALUES ("paula.villar" , "Paula" , "Villar" , 0 );
INSERT INTO usuario (nombre, apellido, usr, interno) VALUES ("yasmin.diaz" , "Yasmin" , "Diaz" , 0 );
INSERT INTO usuario (nombre, apellido, usr, interno) VALUES ("martinezv" , "Vanesa" , "Martinez" , 0 );
INSERT INTO usuario (nombre, apellido, usr, interno) VALUES ("gloria.zelpo" , "Gloria" , "Zelpo" , 0 );
INSERT INTO usuario (nombre, apellido, usr, interno) VALUES ("carrera" , "Jose" , "Carrera" , 0 );
INSERT INTO usuario (nombre, apellido, usr, interno) VALUES ("xxxxxx" , "Mabel" , "Pereira" , 0 );
INSERT INTO usuario (nombre, apellido, usr, interno) VALUES ("cestaro" , "Sandra" , "Cestaro" , 0 );
INSERT INTO usuario (nombre, apellido, usr, interno) VALUES ("franco.guerra" , "Franco" , "Guerra" , 0 );
INSERT INTO usuario (nombre, apellido, usr, interno) VALUES ("xxxxxx" , "Fabiana" , "Concheso" , 0 );
INSERT INTO usuario (nombre, apellido, usr, interno) VALUES ("garda" , "Ivone" , "Garda" , 0 );
INSERT INTO usuario (nombre, apellido, usr, interno) VALUES ("sicilia" , "Juanita" , "Sicilia" , 0 );
INSERT INTO usuario (nombre, apellido, usr, interno) VALUES ("dcabrera" , "Daniela" , "Cabrera" , 0 );
INSERT INTO usuario (nombre, apellido, usr, interno) VALUES ("jennifer.miller" , "Jennifer" , "Miller" , 0 );
INSERT INTO usuario (nombre, apellido, usr, interno) VALUES ("pguarino" , "Pamela" , "Guarino" , 0 );
INSERT INTO usuario (nombre, apellido, usr, interno) VALUES ("svelazquez" , "Silvia" , "Velazquez" , 0 );
INSERT INTO usuario (nombre, apellido, usr, interno) VALUES ("ianara.portillo" , "Ianara" , "portillo" , 0 );
INSERT INTO usuario (nombre, apellido, usr, interno) VALUES ("xxxxxx" , "Florencia" , "Perez" , 0 );
INSERT INTO usuario (nombre, apellido, usr, interno) VALUES ("mariana.campos" , "Mariana" , "Campos" , 0 );
INSERT INTO usuario (nombre, apellido, usr, interno) VALUES ("melissaria" , "Adriana" , "Melissari" , 0 );
INSERT INTO usuario (nombre, apellido, usr, interno) VALUES ("amorales" , "Alejandra" , "Morales" , 0 );
INSERT INTO usuario (nombre, apellido, usr, interno) VALUES ("elen.alzamendi" , "Elen" , "Alzamendi" , 0 );
INSERT INTO usuario (nombre, apellido, usr, interno) VALUES ("vanessa.nunez" , "Vanessa" , "Nuñez" , 0 );
INSERT INTO usuario (nombre, apellido, usr, interno) VALUES ("ramiro.pintos" , "Ramiro" , "Pintos" , 0 );
INSERT INTO usuario (nombre, apellido, usr, interno) VALUES ("CASOTTI" , "Carolina" , "Casotti" , 0 );
INSERT INTO usuario (nombre, apellido, usr, interno) VALUES ("BOZZOLASCOY" , "Yesica" , "Bozzolasco" , 0 );
INSERT INTO usuario (nombre, apellido, usr, interno) VALUES ("anaclara.landes" , "Ana Clara" , "Landes" , 0 );
INSERT INTO usuario (nombre, apellido, usr, interno) VALUES ("oyamburo" , "Ana" , "Oyamburo" , 1537 );
INSERT INTO usuario (nombre, apellido, usr, interno) VALUES ("cabrera" , "Ana" , "Cabrera" , 0 );
INSERT INTO usuario (nombre, apellido, usr, interno) VALUES ("xxxxx" , "Consultorio" , "Medico" , 0 );
INSERT INTO usuario (nombre, apellido, usr, interno) VALUES ("naomi.gonzalez" , "Naomi" , "Gonzalez" , 1537 );
INSERT INTO usuario (nombre, apellido, usr, interno) VALUES ("romina.olivera" , "Romina" , "Olivera" , 0 );
INSERT INTO usuario (nombre, apellido, usr, interno) VALUES ("" , "" , "" , 0 );
INSERT INTO usuario (nombre, apellido, usr, interno) VALUES ("marianella.ceriani" , "Marianella" , "Ceriani" , 0 );
INSERT INTO usuario (nombre, apellido, usr, interno) VALUES ("sonia.bertino" , "Sonia" , "Bertino" , 1120 );
INSERT INTO usuario (nombre, apellido, usr, interno) VALUES ("Natalia.silvera" , "Natalia" , "Silvera" , 1120 );
INSERT INTO usuario (nombre, apellido, usr, interno) VALUES ("veronica.valdez" , "Veronica" , "Valdez" , 0 );
INSERT INTO usuario (nombre, apellido, usr, interno) VALUES ("leticia.luzardo" , "Leticia" , "Luzardo" , 0 );
INSERT INTO usuario (nombre, apellido, usr, interno) VALUES ("julio.mello" , "Julio" , "Mello" , 0 );
INSERT INTO usuario (nombre, apellido, usr, interno) VALUES ("marcos.tio" , "Marcos" , "Tio" , 0 );
INSERT INTO usuario (nombre, apellido, usr, interno) VALUES ("nasso" , "Leticia" , "Nasso" , 0 );
INSERT INTO usuario (nombre, apellido, usr, interno) VALUES ("ciop.ciop" , "CIOP" , "CIOP" , 1010 );
INSERT INTO usuario (nombre, apellido, usr, interno) VALUES ("rodo" , "Ricardo" , "Rodo" , 1537 );
INSERT INTO usuario (nombre, apellido, usr, interno) VALUES ("sauraf" , "Fabiana" , "Saura" , 1424 );
INSERT INTO usuario (nombre, apellido, usr, interno) VALUES ("monica.cardoso" , "Monica" , "Cardoso" , 0 );
INSERT INTO usuario (nombre, apellido, usr, interno) VALUES ("trecca" , "Daniel" , "Trecca" , 1511 );
INSERT INTO usuario (nombre, apellido, usr, interno) VALUES ("rdebenedetti" , "Rossana" , "Debenedetti" , 0 );
INSERT INTO usuario (nombre, apellido, usr, interno) VALUES ("cajarville" , "Irene" , "Cajarville" , 0 );
INSERT INTO usuario (nombre, apellido, usr, interno) VALUES ("pacheli" , "Claudia" , "Pacheli" , 1511 );
INSERT INTO usuario (nombre, apellido, usr, interno) VALUES ("marchesano" , "Miguel" , "Marchesano" , 1511 );
INSERT INTO usuario (nombre, apellido, usr, interno) VALUES ("morales" , "Gabriela" , "Morales" , 1522 );
INSERT INTO usuario (nombre, apellido, usr, interno) VALUES ("macosta" , "Monica" , "Acosta" , 1521 );
INSERT INTO usuario (nombre, apellido, usr, interno) VALUES ("jose.ferreira" , "Jose Manuel" , "Ferreira" , 1511 );
INSERT INTO usuario (nombre, apellido, usr, interno) VALUES ("avergara" , "Ana" , "Vergara" , 1511 );
INSERT INTO usuario (nombre, apellido, usr, interno) VALUES ("leonardo.latorre" , "Leonardo" , "Latorre" , 1330 );
INSERT INTO usuario (nombre, apellido, usr, interno) VALUES ("" , "Clima" , "laboral" , 0 );
INSERT INTO usuario (nombre, apellido, usr, interno) VALUES ("tramitesmec" , "" , "" , 0 );
INSERT INTO usuario (nombre, apellido, usr, interno) VALUES ("magdalena.diaz" , "Magdalena" , "Diaz" , 1913 );
INSERT INTO usuario (nombre, apellido, usr, interno) VALUES ("REUNION" , "SALA" , "REUNIONES" , 0 );
INSERT INTO usuario (nombre, apellido, usr, interno) VALUES ("" , "" , "" , 0 );
INSERT INTO usuario (nombre, apellido, usr, interno) VALUES ("" , "Federico" , "Pignatta" , 0 );
INSERT INTO usuario (nombre, apellido, usr, interno) VALUES ("" , "Matias" , "Alonso" , 0 );
INSERT INTO usuario (nombre, apellido, usr, interno) VALUES ("" , "Sudana" , "Bodukian" , 0 );
INSERT INTO usuario (nombre, apellido, usr, interno) VALUES ("" , "Daniel" , "Velazquez" , 0 );
INSERT INTO usuario (nombre, apellido, usr, interno) VALUES ("" , "Ana Ines" , "Costa" , 0 );
INSERT INTO usuario (nombre, apellido, usr, interno) VALUES ("" , "Sabrina" , "Riveiro" , 0 );
INSERT INTO usuario (nombre, apellido, usr, interno) VALUES ("" , "Natalia" , "Dutra" , 0 );
INSERT INTO usuario (nombre, apellido, usr, interno) VALUES ("" , "Gonzalo" , "Galvete" , 0 );
INSERT INTO usuario (nombre, apellido, usr, interno) VALUES ("" , "Cecilia" , "Casanova" , 0 );
INSERT INTO usuario (nombre, apellido, usr, interno) VALUES ("" , "Lucia" , "Gorgoroso" , 0 );
INSERT INTO usuario (nombre, apellido, usr, interno) VALUES ("" , "Gustavo" , "Riestra" , 0 );
INSERT INTO usuario (nombre, apellido, usr, interno) VALUES ("fmaestro" , "Felipe" , "Maestro" , 116 );
INSERT INTO usuario (nombre, apellido, usr, interno) VALUES ("maria.iraola" , "Maria" , "Iraola" , 1104 );
INSERT INTO usuario (nombre, apellido, usr, interno) VALUES ("lucas.marsiglia" , "Lucas" , "Marsiglia" , 1331 );
INSERT INTO usuario (nombre, apellido, usr, interno) VALUES ("micaela.fromaget" , "Micaela " , "Fromaget" , 0 );
INSERT INTO usuario (nombre, apellido, usr, interno) VALUES ("Choferes(Varios)" , "Choferes" , "" , 0 );
INSERT INTO usuario (nombre, apellido, usr, interno) VALUES ("evelyn.milan" , "Evelyn" , "Milán" , 1252 );
INSERT INTO usuario (nombre, apellido, usr, interno) VALUES ("tania.achugarri" , "Tania" , "Achugarri" , 0 );
INSERT INTO usuario (nombre, apellido, usr, interno) VALUES ("zulena.goncalvez" , "Zulena" , "Goncalvez" , 24011911 );
INSERT INTO usuario (nombre, apellido, usr, interno) VALUES ("maria.n.fernandez" , "Maria" , "Fernandez" , 24011911 );
INSERT INTO usuario (nombre, apellido, usr, interno) VALUES ("NoTieneAun" , " Ana Cecilia" , "Ruvira de los Santos" , 1116 );
INSERT INTO usuario (nombre, apellido, usr, interno) VALUES ("lucia.navarro" , "Lucia" , "Navarro" , 0 );
INSERT INTO usuario (nombre, apellido, usr, interno) VALUES ("" , "-" , "-" , 0 );
INSERT INTO usuario (nombre, apellido, usr, interno) VALUES ("" , "Nicolás " , "Miraballes" , 0 );
INSERT INTO usuario (nombre, apellido, usr, interno) VALUES ("geraldine.aubrit" , "Geraldine" , "Aubrit" , 1605 );
INSERT INTO usuario (nombre, apellido, usr, interno) VALUES ("raquel.bandera" , "Raquel" , "Bandera" , 1605 );
INSERT INTO usuario (nombre, apellido, usr, interno) VALUES ("jaime.sapolinski" , "Jaime" , "Sapolinski" , 0 );
INSERT INTO usuario (nombre, apellido, usr, interno) VALUES ("barros" , "Natalia" , "Barros" , 1339 );
INSERT INTO usuario (nombre, apellido, usr, interno) VALUES ("" , "" , "" , 1825 );
INSERT INTO usuario (nombre, apellido, usr, interno) VALUES ("" , "SALA" , "REUNION" , 1825 );
INSERT INTO usuario (nombre, apellido, usr, interno) VALUES ("graciela.morelli" , "Graciela" , "Morelli" , 0 );
INSERT INTO usuario (nombre, apellido, usr, interno) VALUES ("" , "" , "" , 1836 );
INSERT INTO usuario (nombre, apellido, usr, interno) VALUES ("36068561" , "Maria Eugenia" , "Rodriguez" , 101 );
INSERT INTO usuario (nombre, apellido, usr, interno) VALUES ("" , "Monitor Tickets" , "Monitor Tickets" , 0 );
INSERT INTO usuario (nombre, apellido, usr, interno) VALUES ("nicolas.perez" , "Nicolas" , "Perez" , 1332 );
INSERT INTO usuario (nombre, apellido, usr, interno) VALUES ("wilson.rodriguez" , "Wilson" , "Rodriguez" , 0 );
INSERT INTO usuario (nombre, apellido, usr, interno) VALUES ("suarezj" , "Javier" , "Suarez" , 0 );
INSERT INTO usuario (nombre, apellido, usr, interno) VALUES ("NONE" , "NO SE SABE" , "NO SE SABE" , 0 );
INSERT INTO usuario (nombre, apellido, usr, interno) VALUES ("ciolta" , "Alejandro" , "Ciolta" , 0 );
INSERT INTO usuario (nombre, apellido, usr, interno) VALUES ("gonzalezjos" , "Jose" , "Gonzalez" , 0 );
INSERT INTO usuario (nombre, apellido, usr, interno) VALUES ("velazquezg" , "Gabriela" , "Velazquez" , 0 );
INSERT INTO usuario (nombre, apellido, usr, interno) VALUES ("mfernandez" , "Marcos" , "Fernandez" , 0 );
INSERT INTO usuario (nombre, apellido, usr, interno) VALUES ("elisa.brikmann" , "ELISA" , "BIRKMANN" , 1550 );
INSERT INTO usuario (nombre, apellido, usr, interno) VALUES ("evangelina.gallo" , "Evangelina" , "Gallo" , 099388940 );
INSERT INTO usuario (nombre, apellido, usr, interno) VALUES ("pereiran" , "Nelson" , "Pereira" , 1333 );
INSERT INTO usuario (nombre, apellido, usr, interno) VALUES ("silvad" , "Daniel" , "Silva" , 0 );
INSERT INTO usuario (nombre, apellido, usr, interno) VALUES ("kayel" , "Patricia" , "Kayel" , 0 );
INSERT INTO usuario (nombre, apellido, usr, interno) VALUES ("" , "Jose" , "Folera" , 099669356 );
INSERT INTO usuario (nombre, apellido, usr, interno) VALUES ("jessica.acosta" , "Jessica" , "Acosta" , 1223 );
INSERT INTO usuario (nombre, apellido, usr, interno) VALUES ("vignolo" , "Nicolas" , "Vignolo" , 0 );
INSERT INTO usuario (nombre, apellido, usr, interno) VALUES ("quintana" , "Mariella" , "Quintana" , 0 );
INSERT INTO usuario (nombre, apellido, usr, interno) VALUES ("barros" , "Natalia" , "Barros" , 0 );
INSERT INTO usuario (nombre, apellido, usr, interno) VALUES ("" , "Mauricio" , "Maggiani" , 0 );
INSERT INTO usuario (nombre, apellido, usr, interno) VALUES ("sandra.boragno" , "Sandra" , "Boragno" , 24004062 );
INSERT INTO usuario (nombre, apellido, usr, interno) VALUES ("naria.nessar" , "Maria" , "Nessar" , 24004062 );
INSERT INTO usuario (nombre, apellido, usr, interno) VALUES ("anamaria.ramos" , "Anamaria" , "Ramos" , 24004062 );
INSERT INTO usuario (nombre, apellido, usr, interno) VALUES ("sofia.haboosh" , "Sofia" , "Haboosh" , 0 );
INSERT INTO usuario (nombre, apellido, usr, interno) VALUES ("RESERVADO" , "RESERVADO" , "RESERVADO" , 0 );
INSERT INTO usuario (nombre, apellido, usr, interno) VALUES ("celia.rodriguez" , "Celia" , "Rodriguez" , 0 );
INSERT INTO usuario (nombre, apellido, usr, interno) VALUES ("francisco.santestevan" , "Francisco" , "Santestevan" , 0 );
INSERT INTO usuario (nombre, apellido, usr, interno) VALUES ("mariana.russi" , "Mariana" , "Russi" , 1909 );
INSERT INTO usuario (nombre, apellido, usr, interno) VALUES ("n/a" , "Desconocido" , "Desconocido" , 1605 );
INSERT INTO usuario (nombre, apellido, usr, interno) VALUES ("odine" , "Cecilia" , "Odine" , 1901 );
INSERT INTO usuario (nombre, apellido, usr, interno) VALUES ("andres.rodriguez" , "Andres" , "Rodriguez" , 1901 );
INSERT INTO usuario (nombre, apellido, usr, interno) VALUES ("" , "" , "" , 1605 );
INSERT INTO usuario (nombre, apellido, usr, interno) VALUES ("Jaime.sapolinski" , "Jaime" , "Sapolinki" , 0 );
INSERT INTO usuario (nombre, apellido, usr, interno) VALUES ("adriana.martinez" , "Adriana " , "Martinez" , 0 );
INSERT INTO usuario (nombre, apellido, usr, interno) VALUES ("lolivera" , "Laura" , "Olivera" , 1426 );
INSERT INTO usuario (nombre, apellido, usr, interno) VALUES ("pablo.dasilveira" , "Pablo" , "Da Silveira" , 1825 );
INSERT INTO usuario (nombre, apellido, usr, interno) VALUES ("lucio.schiavoni" , "Lucio" , "Schiavoni" , 0 );
INSERT INTO usuario (nombre, apellido, usr, interno) VALUES ("rosana.curto" , "Rosana " , "Curto" , 0 );
INSERT INTO usuario (nombre, apellido, usr, interno) VALUES ("agustin.pintos" , "Agustín " , "Pintos" , 1635 );
INSERT INTO usuario (nombre, apellido, usr, interno) VALUES ("santiago.martinez" , "santiago" , "martinez" , 1605 );
INSERT INTO usuario (nombre, apellido, usr, interno) VALUES ("pintos" , "Leonardo" , "Pintos" , 2012 );
INSERT INTO usuario (nombre, apellido, usr, interno) VALUES ("N/A" , "Desconocido" , "Desconocido" , 1537 );
INSERT INTO usuario (nombre, apellido, usr, interno) VALUES ("" , "" , "" , 1253 );
INSERT INTO usuario (nombre, apellido, usr, interno) VALUES ("ines.leal" , "Ines" , "Leal" , 0000 );
INSERT INTO usuario (nombre, apellido, usr, interno) VALUES ("urquijo@mec.gub.uy" , "Susana" , "Urquijo" , 0 );
INSERT INTO usuario (nombre, apellido, usr, interno) VALUES ("sofia.piana" , "Sofia" , "Piana" , 1602 );
INSERT INTO usuario (nombre, apellido, usr, interno) VALUES ("" , "Diego" , "Ibarra" , 0 );
INSERT INTO usuario (nombre, apellido, usr, interno) VALUES ("" , "Mariana" , "Russi" , 0 );
INSERT INTO usuario (nombre, apellido, usr, interno) VALUES ("" , "Johan" , "Silveira" , 0 );
INSERT INTO usuario (nombre, apellido, usr, interno) VALUES ("-" , "-" , "-" , 0 );
INSERT INTO usuario (nombre, apellido, usr, interno) VALUES ("" , "Cecilia" , "Fonsalia" , 0 );
INSERT INTO usuario (nombre, apellido, usr, interno) VALUES ("andres.carabajal" , "" , "" , 1121 );
INSERT INTO usuario (nombre, apellido, usr, interno) VALUES ("keyel" , "Patricia" , "Kayel" , 0 );
INSERT INTO usuario (nombre, apellido, usr, interno) VALUES ("kevin.acosta" , "" , "" , 0 );
INSERT INTO usuario (nombre, apellido, usr, interno) VALUES ("kimberly.durante" , "Kimberly" , "Durante" , 1120 );
INSERT INTO usuario (nombre, apellido, usr, interno) VALUES ("walter.gomez" , "Walter" , "Gomez" , 0 );
INSERT INTO usuario (nombre, apellido, usr, interno) VALUES ("" , "Helen" , "Curioni" , 1120 );
INSERT INTO usuario (nombre, apellido, usr, interno) VALUES ("barro" , "Elizabeth" , "Barro" , 1120 );
INSERT INTO usuario (nombre, apellido, usr, interno) VALUES ("" , "Celeste" , "Damico" , 1120 );
INSERT INTO usuario (nombre, apellido, usr, interno) VALUES ("" , "Loredana" , "" , 0 );
INSERT INTO usuario (nombre, apellido, usr, interno) VALUES ("fabricio.soria" , "Fabricio " , "Soria" , 0 );
INSERT INTO usuario (nombre, apellido, usr, interno) VALUES ("corbo" , "Lujan " , "Corbo" , 1120 );
INSERT INTO usuario (nombre, apellido, usr, interno) VALUES ("" , "Natalia" , "Barros" , 0 );
INSERT INTO usuario (nombre, apellido, usr, interno) VALUES ("" , "Rodrigo" , "Lopez" , 0 );
INSERT INTO usuario (nombre, apellido, usr, interno) VALUES ("carolina.bojorge" , "Carolina" , "Bojorge" , 0 );
INSERT INTO usuario (nombre, apellido, usr, interno) VALUES ("" , "usada sin datos" , "" , 0 );
INSERT INTO usuario (nombre, apellido, usr, interno) VALUES ("" , "USO PARA REDES" , "USO PARA REDES" , 0 );
INSERT INTO usuario (nombre, apellido, usr, interno) VALUES ("ilatorre" , "" , "Latorre" , 0 );
INSERT INTO usuario (nombre, apellido, usr, interno) VALUES ("" , "Lima" , "" , 0 );
INSERT INTO usuario (nombre, apellido, usr, interno) VALUES ("jose.requel" , "Jose" , "Requel" , 0 );
INSERT INTO usuario (nombre, apellido, usr, interno) VALUES ("" , "Florencia" , "Quintas" , 0 );
INSERT INTO usuario (nombre, apellido, usr, interno) VALUES ("lucas.marsiglia" , "Lucas" , "Marsiglia" , 0 );
INSERT INTO usuario (nombre, apellido, usr, interno) VALUES ("lucas.marsiglia" , "lucas" , "Marsiglia" , 1336 );
INSERT INTO usuario (nombre, apellido, usr, interno) VALUES ("nathan.guerra" , "nathan" , "guerra" , 1336 );
INSERT INTO usuario (nombre, apellido, usr, interno) VALUES ("daniel.nalotto" , "Daniel" , "Nalotto" , 1336 );
INSERT INTO usuario (nombre, apellido, usr, interno) VALUES ("romina.lema" , "" , "" , 0 );
INSERT INTO usuario (nombre, apellido, usr, interno) VALUES ("matias.gonzalez" , "Matias" , "Gonzalez" , 0 );



INSERT INTO aplicacion (nombre) VALUES ('Office 2016');
INSERT INTO aplicacion (nombre) VALUES ('WinRAR');
INSERT INTO aplicacion (nombre) VALUES ('APIA');